<?xml version="1.0" encoding="UTF-8" standalone="yes"?>
<addon id="plugin.program.luc_kodi.wizard" name="luc_kodi.wizard" version="1.0.0" provider-name="luc_kodi">
	<requires>
		<import addon="xbmc.python" version="3.0.0"/>
		<import addon="script.module.requests" optional="true" />
	</requires>
	<extension point="xbmc.python.pluginsource" library="addon.py">
		<provides>executable</provides>
	</extension>
	<!--<extension point="xbmc.service" library="service.py" />-->
	<extension point="xbmc.addon.metadata">
		<summary lang="en_GB">luc_kodi.wizard is a lightweight template for installing builds on Kodi. Has some code from Aftermath Wizard by Surfacingx. Skin Switch by OpenELEQ. Base code by BYB. Credits to them and all others who contributed.</summary>
		<description lang="en_GB">Kodi Wizard</description>
		<disclaimer lang="en_GB">This Addon contains no content</disclaimer>
		<language>en</language>
		<platform>all</platform>
		<license>GPL-2.0-or-later</license>
		<forum></forum>
		<website></website> 
		<email></email>
		<source></source>
		<news>1.0.0 initial release
			
			
		</news>
		<assets>
				<icon>resources/icon.png</icon>
				<fanart>resources/fanart.jpg</fanart>
				<banner></banner>
				<clearlogo></clearlogo>
				<screenshot></screenshot>
		</assets>
	</extension>
</addon>
