<?xml version="1.0" encoding="UTF-8"?>
<window>
	<controls>
		<control type="image">
			<texture>common/black.png</texture>
		</control>
		<control type="image">
			<texture colordiffuse="40FFFFFF">$INFO[Window().Property(dradis.fanart)]</texture>
		</control>
		<control type="group">
			<centerleft>50%</centerleft>
			<width>768</width>
			<control type="image">
				<top>330</top>
				<centerleft>50%</centerleft>
				<width max="480">auto</width>
				<height>200</height>
				<aspectratio aligny="center">keep</aspectratio>
				<texture>$INFO[Window().Property(dradis.clearlogo)]</texture>
				<visible>!String.IsEmpty(Window().Property(dradis.clearlogo))</visible>
			</control>
			<control type="image">
				<top>330</top>
				<centerleft>50%</centerleft>
				<width max="480">auto</width>
				<height>200</height>
				<aspectratio aligny="center">keep</aspectratio>
				<texture>$INFO[Window().Property(dradis.poster)]</texture>
				<visible>String.IsEmpty(Window().Property(dradis.clearlogo))</visible>
			</control>
			<control type="textbox" id="2000">
				<top>550</top>
				<centerleft>50%</centerleft>
				<width>95%</width>
				<height>168</height>
				<font>font12</font>
				<textcolor>white</textcolor>
				<align>center</align>
				<aligny>top</aligny>
			</control>
		</control>
	</controls>
</window>
