<addon id="repository.kodifitzwell" version="0.0.1" name="kodifitzwell repository" provider-name="kodifitzwell">
    <extension point="xbmc.addon.repository" name="kodifitzwell repository">
        <dir minversion="19.0.0">
            <info compressed="false">https://kodifitzwell.github.io/repo/packages/addons.xml</info>
            <checksum>https://kodifitzwell.github.io/repo/packages/addons.xml.md5</checksum>
            <datadir zip="true">https://kodifitzwell.github.io/repo/</datadir>
        </dir>
    </extension>
    <extension point="xbmc.addon.metadata">
        <description>kodifitzwell repository</description>
        <assets><icon>icon.png</icon></assets>
    </extension>
</addon>

