<?xml version="1.0" encoding="UTF-8" standalone="yes"?>
<addon id="repository.streamflix"
       name="StreamFlix Repository"
       version="1.0.0"
       provider-name="StreamFlix">
  <requires>
    <import addon="xbmc.addon" version="12.0.0"/>
  </requires>
  <extension point="xbmc.addon.repository" name="StreamFlix Repository">
    <dir>
      <info compressed="false">https://streamflix.wispbyte.cc/addons.xml</info>
      <checksum>https://streamflix.wispbyte.cc/addons.xml.md5</checksum>
      <datadir zip="true">https://streamflix.wispbyte.cc/</datadir>
    </dir>
  </extension>
  <extension point="xbmc.addon.metadata">
    <summary lang="pt_BR">Repositório oficial StreamFlix</summary>
    <description lang="pt_BR">Repositório oficial de addons StreamFlix</description>
    <platform>all</platform>
    <assets>
      <icon>icon.png</icon>
      <fanart>fanart.jpg</fanart>
    </assets>
  </extension>
</addon>
