<?xml version="1.0" encoding="UTF-8"?>
<addon id="plugin.program.exportimport"
       name="Kodi's Little Helper, Export/Import/Backup Tool"
       version="1.1.7"
       provider-name="Diamond Build">

    <requires>    
        <import addon="xbmc.python" version="3.0.0" />
        <import addon="script.module.requests" />
        <!-- addonprotector only if *always* bundled -->
        <!-- <import addon="plugin.program.addonprotector" version="1.0.0" /> -->
    </requires>

    <!-- This is the *program entry* -->
    <extension point="xbmc.python.script" library="default.py" />

    <!-- This is your background service (binary strip, repairs, etc.) -->
    <extension point="xbmc.service" library="service.py" start="startup" />

    <extension point="xbmc.addon.metadata">
    <summary>Helper tool to extend Kodi&apos;s File Manager with installation, import/export, backups, and maintenance.</summary>
    <description>
Kodi's Little Helper - Not a wizard, but a flexible toolset that goes beyond Kodi's built-in File Manager.

Features:
- Install add-ons & builds (URL, file system, internal lists)
- Backup & restore (userdata, addons, builds, sources, favourites)
- Import / Export files & directories between Kodi & device storage
- ZIP tools (download, extract, create)
- APK tools (download/install via AFTV codes or file system)
- Sources helper (adds Kodi root, Imported_Files, skin folder, Android storage)
- Add-on controls (enable/disable, enable all, disable all, repair DB)
- Advanced tools (binary repair, unrestricted storage, merge XML, whitelist, fresh start)

Note: Actions like export/import/zip require you to enter a folder and press OK — highlighting alone does not work.
    </description>
        <platform>all</platform>
        <assets>   
            <icon>icon.png</icon>   
            <fanart>fanart.png</fanart>
        </assets>
    </extension>
</addon>
