<?xml version="1.0" encoding="UTF-8" standalone="yes"?>
<addon id="resource.images.moviegenreicons.arctic.zephyr" name="Movie Genre Icons - Arctic Zephyr" version="0.0.3" provider-name="braz">
	<extension point="kodi.resource.images" compile="true" type="moviegenreicons" />
	<requires>
		<import addon="kodi.resource" version="1.0.0"/>
	</requires>
	<extension point="xbmc.addon.metadata">
		<summary lang="en">Movie Genre Icons for Arctic Zephyr</summary>
		<description lang="en">Movie Genre Icons for Arctic Zephyr. Icons courtesy of iconfinder.com and iconmonstr.com.</description>
		<platform>all</platform>
		<license>Creative Commons Attribution 3.0</license>
		<forum></forum>
		<website></website>
		<email></email>
		<source>https://github.com/bryanbrazil/resource.images.moviegenreicons.arctic.zephyr</source>
	</extension>
</addon>
