<addon id="repository.derzis" name="Derzis Repo" version="1.0.0" provider-name="derzis">
    <extension point="xbmc.addon.repository"
               name="Derzis Repository"
               info="https://derzis.xyz/repo/addons.xml"
               checksum="https://derzis.xyz/repo/addons.xml.md5"
               datadir="https://derzis.xyz/repo/">
        <repopath>https://derzis.xyz/repo/</repopath>
        <info compressed="false">https://derzis.xyz/repo/addons.xml</info>
        <checksum>https://derzis.xyz/repo/addons.xml.md5</checksum>
        <datadir zip="true">https://derzis.xyz/repo/</datadir>
    </extension>
    <extension point="xbmc.addon.metadata">
        <summary lang="en">Derzis Kodi Repository</summary>
        <description lang="en">A collection of Kodi video addons by derzis.</description>
        <platform>all</platform>
    </extension>
</addon>