<addon id="plugin.video.luc_kodi" name="[COLOR mediumspringgreen][B]luc_[/B][/COLOR]kodi" provider-name="apoyotech" version="0.0.6">
	<requires>
		<import addon="xbmc.python" version="3.0.1" />
		<import addon="script.module.requests" />
		<import addon="script.module.beautifulsoup4" optional="true" />
		<import addon="plugin.video.youtube" optional="true" />
	</requires>
	<extension point="xbmc.python.pluginsource" library="luc_kodi.py">
		<provides>video</provides>
	</extension>
	<extension point="xbmc.service" library="service.py" start="startup" />
	<extension point="xbmc.python.module" library="resources/lib/" />
	<extension point="xbmc.addon.metadata">
		<reuselanguageinvoker>true</reuselanguageinvoker>
		<summary lang="en">We do not host any of the contents</summary>
		<description lang="en">[COLOR mediumspringgreen]This addon does not form part of the Kodi Media Centre. Please do not seek assistance with this addon from any of the Official Kodi Support Channels.[CR]The author does not host any of the content in this addon and takes no responsibility for content found[/COLOR]</description>
		<platform>all</platform>
		<license>GNU GENERAL PUBLIC LICENSE. Version 3, 29 June 2007</license>
		<forum />
		<disclaimer lang="en">[COLOR mediumspringgreen]This addon simply searches websites for content. Use at your own risk![/COLOR]</disclaimer>
	<assets>
			<icon>icon.png</icon>
			<fanart>fanart.jpg</fanart>
		<screenshot>resources/screenshot1.jpg</screenshot>
 <screenshot>resources/screenshot2.jpg</screenshot>
 <screenshot>resources/screenshot3.jpg</screenshot>
</assets>
</extension>
</addon>
