<window type="dialog">
    <defaultcontrol>3101</defaultcontrol>
    <coordinates>
        <left>0</left>
        <top>0</top>
    </coordinates>
    
    <controls>
        
        <!-- Viewtype_Main -->
        <control type="group">
            <control type="image">
                <width>24</width>
                <left>-24</left>
                <texture>common/shadow-line-vert-24.png</texture>
                <visible>Skin.HasSetting(ShadowLines)</visible>
            </control>
            
            <control type="multiimage" id="7975">
                <left>-2160</left>
                <width>1</width>
                <height>1</height>
                <include>Defs_TimePerImage</include>
                <randomize>true</randomize>
                <fadetime>600</fadetime>
                <imagepath background="true">$INFO[Window().Property(item.art.poster)]</imagepath>
                <visible>System.HasAddon(script.colorbox)</visible>
                <visible>![!System.HasAddon(script.colorbox) | Skin.HasSetting(DisableBlur)]</visible>
            </control>
            
            <include condition="!Skin.HasSetting(global.showvideo)">Global_Videowindow_Hidden</include>
            <include>Global_Background_Main</include>
            
            <!-- Viewtypes -->
            <control type="group">
                <visible allowhiddenfocus="true">!$EXP[Exp_CommonAnimation]</visible>
                <include>Animation_Common</include>
                
                <control type="group">
                    <include>View_Pad</include>
                    
                    <!-- Top Half -->
                    <control type="group" description="Top Half">
                        
                        <!-- View_Info_Grouplist -->
                        <control type="grouplist">
                            <orientation>vertical</orientation>
                            <usecontrolcoords>true</usecontrolcoords>
                            <itemgap>0</itemgap>
                            <top>-15</top>
                            <height>285</height>
                            <include>Viewtype_Info_Right</include>
                            
                            <!-- Movie Title -->
                            <include content="Object_Info_Title">
                                <param name="label" value="$INFO[Window().Property(item.info.title)]" />
                                <visible>String.IsEqual(Window().Property(item.info.mediatype),movie)</visible>
                            </include>
                            
                            <!-- TV Show Title -->
                            <include content="Object_Info_Title">
                                <param name="label" value="$INFO[Window().Property(item.info.tvshowtitle)]" />
                                <visible>String.IsEqual(Window().Property(item.info.mediatype),episode)</visible>
                            </include>
                            
                            <!-- Infoline -->
                            <control type="grouplist">
                                <height>42</height>
                                <orientation>horizontal</orientation>
                                <usecontrolcoords>true</usecontrolcoords>
                                <itemgap>0</itemgap>
                                <left>0</left>
                                <right>0</right>
                                
                                <!-- Movies -->
                                    
                                    <!-- Year -->
                                    <include content="Object_Info_Line_Label">
                                        <param name="label" value="$INFO[Window().Property(item.info.year)]" />
                                        <param name="textcolor" value="main_fg_100" />
                                        <param name="divider" value="false" />
                                        <param name="fallback" value="19055" />
                                        <param name="visible" value="String.IsEqual(Window().Property(item.info.mediatype),movie)" />
                                    </include>
                                    
                                    <!-- MPAA -->
                                    <include content="Object_Info_Line_Label">
                                        <param name="label" value="$INFO[Window().Property(item.info.mpaa)]" />
                                        <param name="textcolor" value="main_fg_100" />
                                        <param name="visible" value="!String.IsEmpty(Window().Property(item.info.mpaa)) + String.IsEqual(Window().Property(item.info.mediatype),movie)" />
                                    </include>
                                    
                                    <!-- Duration -->
                                    <include content="Object_Info_Line_Label">
                                        <param name="label" value="$INFO[Window().Property(item.info.duration.hours),, $LOCALIZE[31036] ]$INFO[Window().Property(item.info.duration.minutes),, $LOCALIZE[31020]]" />
                                        <param name="textcolor" value="main_fg_100" />
                                        <param name="visible" value="[!String.IsEmpty(Window().Property(item.info.duration)) + Integer.IsGreater(Window().Property(item.info.duration.hours),0)] + String.IsEqual(Window().Property(item.info.mediatype),movie)" />
                                    </include>
                                    <include content="Object_Info_Line_Label">
                                        <param name="label" value="$INFO[Window().Property(item.info.duration.minutes),, $LOCALIZE[31020]]" />
                                        <param name="textcolor" value="main_fg_100" />
                                        <param name="visible" value="[!String.IsEmpty(Window().Property(item.info.duration)) + !Integer.IsGreater(Window().Property(item.info.duration.hours),0)] + String.IsEqual(Window().Property(item.info.mediatype),movie)" />
                                    </include>
                                
                                <!-- Episodes -->
                                    
                                    <!-- Season -->
                                    <include content="Object_Info_Line_Label">
                                        <param name="label" value="$INFO[Window().Property(item.info.season),$LOCALIZE[20373] ,]" />
                                        <param name="textcolor" value="main_fg_100" />
                                        <param name="divider" value="false" />
                                        <param name="fallback" value="19055" />
                                        <param name="visible" value="String.IsEqual(Window().Property(item.info.mediatype),episode)" />
                                    </include>
                                    
                                    <!-- Episode -->
                                    <include content="Object_Info_Line_Label">
                                        <param name="label" value="$INFO[Window().Property(item.info.episode),$LOCALIZE[20359] ,]" />
                                        <param name="textcolor" value="main_fg_100" />
                                        <param name="visible" value="String.IsEqual(Window().Property(item.info.mediatype),episode)" />
                                    </include>
                                    
                                    <!-- MPAA -->
                                    <include content="Object_Info_Line_Label">
                                        <param name="label" value="$INFO[Window().Property(item.info.mpaa)]" />
                                        <param name="textcolor" value="main_fg_100" />
                                        <param name="visible" value="!String.IsEmpty(Window().Property(item.info.mpaa)) + String.IsEqual(Window().Property(item.info.mediatype),episode)" />
                                    </include>
                                    
                                    <!-- Premiered -->
                                    <include content="Object_Info_Line_Label">
                                        <param name="label" value="$INFO[Window().Property(item.info.premiered)]" />
                                        <param name="textcolor" value="main_fg_100" />
                                        <param name="visible" value="!String.IsEmpty(Window().Property(item.info.premiered)) + String.IsEqual(Window().Property(item.info.mediatype),episode)" />
                                    </include>
                                    
                                    <!-- Duration -->
                                    <include content="Object_Info_Line_Label">
                                        <param name="label" value="$INFO[Window().Property(item.info.duration.hours),, $LOCALIZE[31036] ]$INFO[Window().Property(item.info.duration.minutes),, $LOCALIZE[31020]]" />
                                        <param name="textcolor" value="main_fg_100" />
                                        <param name="visible" value="[!String.IsEmpty(Window().Property(item.info.duration)) + Integer.IsGreater(Window().Property(item.info.duration.hours),0)] + String.IsEqual(Window().Property(item.info.mediatype),episode)" />
                                    </include>
                                    <include content="Object_Info_Line_Label">
                                        <param name="label" value="$INFO[Window().Property(item.info.duration.minutes),, $LOCALIZE[31020]]" />
                                        <param name="textcolor" value="main_fg_100" />
                                        <param name="visible" value="[!String.IsEmpty(Window().Property(item.info.duration)) + !Integer.IsGreater(Window().Property(item.info.duration.hours),0)] + String.IsEqual(Window().Property(item.info.mediatype),episode)" />
                                    </include>
                            </control>
                            
                            <!-- Ratings -->
                            <control type="group">
                                <top>-14</top>
                                <height>66</height>
                                <control type="group">
                                    <left>-14</left>
                                    <visible>!String.IsEmpty(Window().Property(item.info.rating))</visible>
                                    <visible>!Skin.HasSetting(DisableStarRating)</visible>
                                    <visible>!Skin.HasSetting(NumericStarRating)</visible>
                                    <include content="Object_StarRating">
                                        <param name="rating_prop" value="Window().Property(item.info.rating)" />
                                    </include>
                                </control>
                            </control>
                            
                            <!-- Episode Title -->
                            <include content="Object_Info_Title">
                                <param name="font" value="font_small_bold" />
                                <param name="titleheight" value="10" />
                                <param name="label" value="$INFO[Window().Property(item.info.title)]" />
                                <top>30</top>
                                <visible>String.IsEqual(Window().Property(item.info.mediatype),episode)</visible>
                            </include>
                            
                            <!-- Plot -->
                            <include content="Object_Info_Plot">
                                <param name="maxheight" value="120" />
                                <param name="height" value="80" />
                                <param name="label" value="$INFO[Window().Property(item.info.plot)]" />
                            </include>
                            <nested />
                        </control>
                        
                        <!-- Clearart -->
                        <control type="group">
                            <right>-15</right>
                            <bottom>385</bottom>
                            <height>350</height>
                            <width>700</width>

                            <control type="image">
                                <texture background="true">$INFO[Window().Property(item.art.clearart)]</texture>
                                <aspectratio align="right" aligny="bottom" scalediffuse="false">keep</aspectratio>
                                <bordersize>15</bordersize>
                                <visible>!String.IsEmpty(Window().Property(item.art.clearart)) + String.IsEmpty(Window().Property(item.art.tvshow.clearart))</visible>
                            </control>

                            <control type="image">
                                <texture background="true">$INFO[Window().Property(item.art.tvshow.clearart)]</texture>
                                <aspectratio align="right" aligny="bottom" scalediffuse="false">keep</aspectratio>
                                <bordersize>15</bordersize>
                                <visible>String.IsEmpty(Window().Property(item.art.clearart)) + !String.IsEmpty(Window().Property(item.art.tvshow.clearart))</visible>
                            </control>
                        </control>
                        
                        <!-- Buttons -->
                        <control type="grouplist" id="300">
                            <include>Defs_ButtonList</include>
                            
                            <include content="Object_Info_Button">
                                <param name="id" value="3101" />
                                <param name="groupid" value="3001" />
                                <param name="label" value="Stop Scraping" />
                                <param name="icon" value="special://skin/extras/icons/error.png" />
                                <onclick>SendClick(10)</onclick>
                                <onclick>Close</onclick>
                            </include>
                        </control>
                    </control>
                    
                    <!-- Bottom Half -->
                    <control type="group" description="Bottom Half">
                        <include content="Viewtype_BackPanel">
                            <height>480</height>
                        </include>
                        
                        <control type="group">
                            <control type="group">
                                <right>0</right>
                                <bottom>-20</bottom>
                                <height>360</height>
                                <width>640</width>
                                <control type="group">
                                    <include>Object_PosterBack</include>
                                    <control type="group">
                                        <control type="image">
                                            <bordersize>0</bordersize>
                                            <aspectratio scalediffuse="true">keep</aspectratio>
                                            <texture background="true" diffuse="diffuse/landscape-big.png">$INFO[Window().Property(item.art.fanart)]</texture>
                                        </control>
                                    </control>
                                </control>
                            </control>

                            <control type="grouplist">
                                <left>-15</left>
                                <top>410</top>
                                <height>infowidgets_item_top</height>
                                <orientation>horizontal</orientation>
                                <usecontrolcoords>true</usecontrolcoords>
                                <itemgap>10</itemgap>
                                
                                <control type="label">
                                    <top>17</top>
                                    <left>15</left>
                                    <width>auto</width>
                                    <label>Sources</label>
                                    <aligny>center</aligny>
                                    <textcolor>main_fg_100</textcolor>
                                    <font>font_tiny_bold</font>
                                    <height>24</height>
                                </control>
                                
                                <control type="label">
                                    <top>17</top>
                                    <width>auto</width>
                                    <label>|</label>
                                    <aligny>center</aligny>
                                    <textcolor>$VAR[ColorHighlight]</textcolor>
                                    <font>font_tiny_bold</font>
                                    <height>24</height>
                                </control>
                                
                                <control type="label">
                                    <top>17</top>
                                    <width>auto</width>
                                    <label>4K: [COLOR $INFO[Window().Property(settings.color)]]$INFO[Window().Property(4k_sources)][/COLOR]</label>
                                    <aligny>center</aligny>
                                    <textcolor>main_fg_100</textcolor>
                                    <font>font_tiny</font>
                                    <height>24</height>
                                </control>
                                
                                <control type="label">
                                    <top>17</top>
                                    <width>auto</width>
                                    <label>|</label>
                                    <aligny>center</aligny>
                                    <textcolor>$VAR[ColorHighlight]</textcolor>
                                    <font>font_tiny_bold</font>
                                    <height>24</height>
                                </control>
                                
                                <control type="label">
                                    <top>17</top>
                                    <width>auto</width>
                                    <label>1080p: [COLOR $INFO[Window().Property(settings.color)]]$INFO[Window().Property(1080p_sources)][/COLOR]</label>
                                    <aligny>center</aligny>
                                    <textcolor>main_fg_100</textcolor>
                                    <font>font_tiny</font>
                                    <height>24</height>
                                </control>
                                
                                <control type="label">
                                    <top>17</top>
                                    <width>auto</width>
                                    <label>|</label>
                                    <aligny>center</aligny>
                                    <textcolor>$VAR[ColorHighlight]</textcolor>
                                    <font>font_tiny_bold</font>
                                    <height>24</height>
                                </control>
                                
                                <control type="label">
                                    <top>17</top>
                                    <width>auto</width>
                                    <label>720p: [COLOR $INFO[Window().Property(settings.color)]]$INFO[Window().Property(720p_sources)][/COLOR]</label>
                                    <aligny>center</aligny>
                                    <textcolor>main_fg_100</textcolor>
                                    <font>font_tiny</font>
                                    <height>24</height>
                                </control>
                                
                                <control type="label">
                                    <top>17</top>
                                    <width>auto</width>
                                    <label>|</label>
                                    <aligny>center</aligny>
                                    <textcolor>$VAR[ColorHighlight]</textcolor>
                                    <font>font_tiny_bold</font>
                                    <height>24</height>
                                </control>
                                
                                <control type="label">
                                    <top>17</top>
                                    <width>auto</width>
                                    <label>SD: [COLOR $INFO[Window().Property(settings.color)]]$INFO[Window().Property(SD_sources)][/COLOR]</label>
                                    <aligny>center</aligny>
                                    <textcolor>main_fg_100</textcolor>
                                    <font>font_tiny</font>
                                    <height>24</height>
                                </control>
                            </control>
                        </control>
                        
                        <control type="group">
                            <right>-20</right>
                            <bottom>-480</bottom>
                            
                            <include content="Defs_BusySpinner">
                                <param name="label" value="[COLOR $INFO[Window().Property(settings.color)]]$INFO[Window().Property(remaining_providers_count)][/COLOR] Providers Remaining..." />
                                <param name="textcolor" value="main_fg_70" />
                            </include>
                        </control>
                    </control>
                </control>
                <include>Topbar_Left</include>
            </control>
            <include>Object_Scrollbars</include>
        </control>
        
        <include>Topbar_Right</include>
        <include>Object_NowPlaying</include>
        
        <!-- Overlay -->
        <control type="group">
            <visible>Control.HasFocus(9200)</visible>
            <include>Animation_FadeInOut</include>
            <include>Global_Overlay</include>
        </control>

        <control type="list" id="2000">
            <visible>false</visible>
        </control>
    </controls>
</window>
