<window type="dialog">
    <defaultcontrol>1000</defaultcontrol>
    <coordinates>
        <left>0</left>
        <top>0</top>
    </coordinates>
    
    <controls>
        
        <!-- Viewtype_Main -->
        <control type="group">
            <control type="image">
                <width>24</width>
                <left>-24</left>
                <texture>common/shadow-line-vert-24.png</texture>
                <visible>Skin.HasSetting(ShadowLines)</visible>
            </control>
            
            <control type="multiimage" id="7975">
                <left>-2160</left>
                <width>1</width>
                <height>1</height>
                <include>Defs_TimePerImage</include>
                <randomize>true</randomize>
                <fadetime>600</fadetime>
                <imagepath background="true">$INFO[Window().Property(item.art.poster)]</imagepath>
                <visible>System.HasAddon(script.colorbox)</visible>
                <visible>![!System.HasAddon(script.colorbox) | Skin.HasSetting(DisableBlur)]</visible>
            </control>
            
            <include condition="!Skin.HasSetting(global.showvideo)">Global_Videowindow_Hidden</include>
            <include>Global_Background_Main</include>
            
            <!-- Viewtypes -->
            <control type="group">
                <visible allowhiddenfocus="true">!$EXP[Exp_CommonAnimation]</visible>
                <include>Animation_Common</include>
                
                <control type="group">
                    <include>View_Pad</include>
                    
                    <!-- Top Half -->
                    <control type="group" description="Top Half">
                        
                        <!-- View_Info_Grouplist -->
                        <control type="grouplist">
                            <orientation>vertical</orientation>
                            <usecontrolcoords>true</usecontrolcoords>
                            <itemgap>0</itemgap>
                            <top>-15</top>
                            <height>285</height>
                            <include>Viewtype_Info_Right</include>
                            
                            <!-- Movie Title -->
                            <include content="Object_Info_Title">
                                <param name="label" value="$INFO[Window().Property(item.info.title)]" />
                                <visible>String.IsEqual(Window().Property(item.info.mediatype),movie)</visible>
                            </include>
                            
                            <!-- TV Show Title -->
                            <include content="Object_Info_Title">
                                <param name="label" value="$INFO[Window().Property(item.info.tvshowtitle)]" />
                                <visible>String.IsEqual(Window().Property(item.info.mediatype),episode)</visible>
                            </include>
                            
                            <!-- Infoline -->
                            <control type="grouplist">
                                <height>42</height>
                                <orientation>horizontal</orientation>
                                <usecontrolcoords>true</usecontrolcoords>
                                <itemgap>0</itemgap>
                                <left>0</left>
                                <right>0</right>
                                
                                <!-- Movies -->
                                    
                                    <!-- Year -->
                                    <include content="Object_Info_Line_Label">
                                        <param name="label" value="$INFO[Window().Property(item.info.year)]" />
                                        <param name="textcolor" value="main_fg_100" />
                                        <param name="divider" value="false" />
                                        <param name="fallback" value="19055" />
                                        <param name="visible" value="String.IsEqual(Window().Property(item.info.mediatype),movie)" />
                                    </include>
                                    
                                    <!-- MPAA -->
                                    <include content="Object_Info_Line_Label">
                                        <param name="label" value="$INFO[Window().Property(item.info.mpaa)]" />
                                        <param name="textcolor" value="main_fg_100" />
                                        <param name="visible" value="!String.IsEmpty(Window().Property(item.info.mpaa)) + String.IsEqual(Window().Property(item.info.mediatype),movie)" />
                                    </include>
                                    
                                    <!-- Duration -->
                                    <include content="Object_Info_Line_Label">
                                        <param name="label" value="$INFO[Window().Property(item.info.duration.hours),, $LOCALIZE[31036] ]$INFO[Window().Property(item.info.duration.minutes),, $LOCALIZE[31020]]" />
                                        <param name="textcolor" value="main_fg_100" />
                                        <param name="visible" value="[!String.IsEmpty(Window().Property(item.info.duration)) + Integer.IsGreater(Window().Property(item.info.duration.hours),0)] + String.IsEqual(Window().Property(item.info.mediatype),movie)" />
                                    </include>
                                    <include content="Object_Info_Line_Label">
                                        <param name="label" value="$INFO[Window().Property(item.info.duration.minutes),, $LOCALIZE[31020]]" />
                                        <param name="textcolor" value="main_fg_100" />
                                        <param name="visible" value="[!String.IsEmpty(Window().Property(item.info.duration)) + !Integer.IsGreater(Window().Property(item.info.duration.hours),0)] + String.IsEqual(Window().Property(item.info.mediatype),movie)" />
                                    </include>
                                
                                <!-- Episodes -->
                                    
                                    <!-- Season -->
                                    <include content="Object_Info_Line_Label">
                                        <param name="label" value="$INFO[Window().Property(item.info.season),$LOCALIZE[20373] ,]" />
                                        <param name="textcolor" value="main_fg_100" />
                                        <param name="divider" value="false" />
                                        <param name="fallback" value="19055" />
                                        <param name="visible" value="String.IsEqual(Window().Property(item.info.mediatype),episode)" />
                                    </include>
                                    
                                    <!-- Episode -->
                                    <include content="Object_Info_Line_Label">
                                        <param name="label" value="$INFO[Window().Property(item.info.episode),$LOCALIZE[20359] ,]" />
                                        <param name="textcolor" value="main_fg_100" />
                                        <param name="visible" value="String.IsEqual(Window().Property(item.info.mediatype),episode)" />
                                    </include>
                                    
                                    <!-- MPAA -->
                                    <include content="Object_Info_Line_Label">
                                        <param name="label" value="$INFO[Window().Property(item.info.mpaa)]" />
                                        <param name="textcolor" value="main_fg_100" />
                                        <param name="visible" value="!String.IsEmpty(Window().Property(item.info.mpaa)) + String.IsEqual(Window().Property(item.info.mediatype),episode)" />
                                    </include>
                                    
                                    <!-- Premiered -->
                                    <include content="Object_Info_Line_Label">
                                        <param name="label" value="$INFO[Window().Property(item.info.premiered)]" />
                                        <param name="textcolor" value="main_fg_100" />
                                        <param name="visible" value="!String.IsEmpty(Window().Property(item.info.premiered)) + String.IsEqual(Window().Property(item.info.mediatype),episode)" />
                                    </include>
                                    
                                    <!-- Duration -->
                                    <include content="Object_Info_Line_Label">
                                        <param name="label" value="$INFO[Window().Property(item.info.duration.hours),, $LOCALIZE[31036] ]$INFO[Window().Property(item.info.duration.minutes),, $LOCALIZE[31020]]" />
                                        <param name="textcolor" value="main_fg_100" />
                                        <param name="visible" value="[!String.IsEmpty(Window().Property(item.info.duration)) + Integer.IsGreater(Window().Property(item.info.duration.hours),0)] + String.IsEqual(Window().Property(item.info.mediatype),episode)" />
                                    </include>
                                    <include content="Object_Info_Line_Label">
                                        <param name="label" value="$INFO[Window().Property(item.info.duration.minutes),, $LOCALIZE[31020]]" />
                                        <param name="textcolor" value="main_fg_100" />
                                        <param name="visible" value="[!String.IsEmpty(Window().Property(item.info.duration)) + !Integer.IsGreater(Window().Property(item.info.duration.hours),0)] + String.IsEqual(Window().Property(item.info.mediatype),episode)" />
                                    </include>
                            </control>
                            
                            <!-- Ratings -->
                            <control type="group">
                                <top>-14</top>
                                <height>66</height>
                                <control type="group">
                                    <left>-14</left>
                                    <visible>!String.IsEmpty(Window().Property(item.info.rating))</visible>
                                    <visible>!Skin.HasSetting(DisableStarRating)</visible>
                                    <visible>!Skin.HasSetting(NumericStarRating)</visible>
                                    <include content="Object_StarRating">
                                        <param name="rating_prop" value="Window().Property(item.info.rating)" />
                                    </include>
                                </control>
                            </control>
                            
                            <!-- Episode Title -->
                            <include content="Object_Info_Title">
                                <param name="font" value="font_small_bold" />
                                <param name="titleheight" value="10" />
                                <param name="label" value="$INFO[Window().Property(item.info.title)]" />
                                <top>30</top>
                                <visible>String.IsEqual(Window().Property(item.info.mediatype),episode)</visible>
                            </include>
                            
                            <!-- Plot -->
                            <include content="Object_Info_Plot">
                                <param name="maxheight" value="120" />
                                <param name="height" value="80" />
                                <param name="label" value="$INFO[Window().Property(item.info.plot)]" />
                            </include>
                            <nested />
                        </control>
                        
                        <!-- Clearart -->
                        <control type="group">
                            <right>-15</right>
                            <bottom>385</bottom>
                            <height>350</height>
                            <width>700</width>

                            <control type="image">
                            <texture background="true">$INFO[Window().Property(item.art.clearart)]</texture>
                            <aspectratio align="right" aligny="bottom" scalediffuse="false">keep</aspectratio>
                            <bordersize>15</bordersize>
                            <visible>!String.IsEmpty(Window().Property(item.art.clearart)) + String.IsEmpty(Window().Property(item.art.tvshow.clearart))</visible>
                        </control>

                        <control type="image">
                            <texture background="true">$INFO[Window().Property(item.art.tvshow.clearart)]</texture>
                            <aspectratio align="right" aligny="bottom" scalediffuse="false">keep</aspectratio>
                            <bordersize>15</bordersize>
                            <visible>String.IsEmpty(Window().Property(item.art.clearart)) + !String.IsEmpty(Window().Property(item.art.tvshow.clearart))</visible>
                        </control>
                        </control>
                        
                        <!-- Buttons -->
                        <control type="grouplist" id="300">
                            <include>Defs_ButtonList</include>
							<ondown>1000</ondown>
                            
                            <include content="Object_Info_Button">
                                <param name="id" value="3101" />
                                <param name="groupid" value="3001" />
                                <param name="label" value="Rescrape Item" />
                                <param name="icon" value="special://skin/extras/icons/update.png" />
                                <onclick>Close</onclick>
                                <onclick condition="String.IsEqual(Window().Property(item.info.mediatype),movie)">PlayMedia(plugin://plugin.video.seren/?action=getSources&amp;action_args=%257B%2522mediatype%2522%253A%2520%2522movie%2522%252C%2520%2522trakt_id%2522%253A%2520$INFO[Window().Property(item.ids.trakt_id)]%257D&amp;from_widget=true&amp;seren_reload=true&amp;source_select=true)</onclick>
                                <onclick condition="String.IsEqual(Window().Property(item.info.mediatype),episode)">PlayMedia(plugin://plugin.video.seren/?action=getSources&amp;action_args=%257B%2522mediatype%2522%253A%2520%2522episode%2522%252C%2520%2522trakt_id%2522%253A%2520$INFO[Window().Property(item.ids.trakt_id)]%252C%2520%2522trakt_show_id%2522%253A%2520$INFO[Window().Property(item.ids.tvshow.trakt_id)]%257D&amp;from_widget=false&amp;seren_reload=true&amp;source_select=true)</onclick>
                            </include>

                            <include content="Object_Info_Button">
                                <param name="id" value="3102" />
                                <param name="groupid" value="3002" />
                                <param name="label" value="Trakt Manager" />
                                <param name="icon" value="special://skin/extras/icons/trakttv.png" />
                                <onclick condition="String.IsEqual(Window().Property(item.info.mediatype),movie)">RunPlugin(plugin://plugin.video.seren/?action=traktManager&amp;action_args=%7B%22mediatype%22%3A%20%22$INFO[Window().Property(item.info.mediatype)]%22%2C%20%22trakt_id%22%3A%20$INFO[Window().Property(item.ids.trakt_id)]%7D)</onclick>
                                <onclick condition="String.IsEqual(Window().Property(item.info.mediatype),episode)">RunPlugin(plugin://plugin.video.seren/?action=traktManager&action_args=%7B%22mediatype%22%3A%20%22episode%22%2C%20%22trakt_id%22%3A%204590805%2C%20%22trakt_show_id%22%3A%20146518%7D)</onclick>
                            </include>
                        </control>
                    </control>
                    
                    <!-- Bottom Half -->
                    <control type="group" description="Bottom Half">                        
                        <include content="Viewtype_BackPanel">
                            <height>480</height>
                        </include>
                        
                        <!-- Includes_View_50_List -->
                        <control type="group">
                            <control type="group">
                                <right>0</right>
                                <bottom>-20</bottom>
                                <height>360</height>
                                <width>640</width>
                                <control type="group">
                                    <include>Object_PosterBack</include>
                                    <control type="group">
                                        <control type="image">
                                            <bordersize>0</bordersize>
                                            <aspectratio scalediffuse="true">keep</aspectratio>
                                            <texture background="true" diffuse="diffuse/landscape-big.png">$INFO[Window().Property(item.art.fanart)]</texture>
                                        </control>
                                    </control>
                                </control>
                            </control>
                            
                            <control type="group">
                                    <param name="selectbox" value="false" />
                                    <param name="id" value="50" />

                                <control type="group">
                                    <include>Object_PosterBack</include>
                                    <left>-20</left>
                                    <bottom>-20</bottom>
                                    <width>1080</width>
                                    <height>360</height>
                                </control>

                                <include content="Viewtype_FileList">
                                    <param name="id" value="1000" />
                                    <param name="itemlayout-width" value="1040" />
                                    <param name="itemlayout-height" value="80" />
                                    <onup>300</onup>
                                    <onleft>64</onleft>
                                    <pagecontrol>64</pagecontrol>
                                    <left>0</left>
                                    <bottom>0</bottom>
                                    <width>1040</width>
                                    <height>320</height>
                                </include>
                            </control>
                            
                            <control type="grouplist">
                                <left>-15</left>
                                <top>410</top>
                                <height>infowidgets_item_top</height>
                                <orientation>horizontal</orientation>
                                <usecontrolcoords>true</usecontrolcoords>
                                <itemgap>10</itemgap>
                                
                                <control type="label">
                                    <top>17</top>
                                    <left>15</left>
                                    <width>auto</width>
                                    <label>Sources</label>
                                    <aligny>center</aligny>
                                    <textcolor>main_fg_100</textcolor>
                                    <font>font_tiny_bold</font>
                                    <height>24</height>
                                </control>
                                
                                <control type="label">
                                    <top>17</top>
                                    <width>auto</width>
                                    <label>|</label>
                                    <aligny>center</aligny>
                                    <textcolor>$VAR[ColorHighlight]</textcolor>
                                    <font>font_tiny_bold</font>
                                    <height>24</height>
                                </control>
                                
                                <control type="label">
                                    <top>17</top>
                                    <width>auto</width>
                                    <label>[UPPERCASE]$INFO[ListItem.Property(quality)][/UPPERCASE]</label>
                                    <aligny>center</aligny>
                                    <textcolor>main_fg_100</textcolor>
                                    <font>font_tiny</font>
                                    <height>24</height>
                                    <visible>!String.IsEmpty(ListItem.Property(quality))</visible>
                                </control>
                                
                                <control type="label">
                                    <top>17</top>
                                    <width>auto</width>
                                    <label>|</label>
                                    <aligny>center</aligny>
                                    <textcolor>$VAR[ColorHighlight]</textcolor>
                                    <font>font_tiny_bold</font>
                                    <height>24</height>
                                    <visible>!String.IsEmpty(ListItem.Property(quality))</visible>
                                </control>
                                
                                <control type="label">
                                    <top>17</top>
                                    <width>auto</width>
                                    <label>[UPPERCASE]$INFO[ListItem.Property(info)][/UPPERCASE]</label>
                                    <aligny>center</aligny>
                                    <textcolor>main_fg_100</textcolor>
                                    <font>font_tiny</font>
                                    <height>24</height>
                                    <visible>!String.IsEmpty(ListItem.Property(info))</visible>
                                </control>
                                
                                <control type="label">
                                    <top>17</top>
                                    <width>auto</width>
                                    <label>|</label>
                                    <aligny>center</aligny>
                                    <textcolor>$VAR[ColorHighlight]</textcolor>
                                    <font>font_tiny_bold</font>
                                    <height>24</height>
                                    <visible>!String.IsEmpty(ListItem.Property(info))</visible>
                                </control>
                                
                                <control type="label">
                                    <top>17</top>
                                    <width>auto</width>
                                    <label>[UPPERCASE]$INFO[ListItem.Property(size)][/UPPERCASE]</label>
                                    <aligny>center</aligny>
                                    <textcolor>main_fg_100</textcolor>
                                    <font>font_tiny</font>
                                    <height>24</height>
                                    <visible>!String.IsEmpty(ListItem.Property(size))</visible>
                                </control>
                                
                                <control type="label">
                                    <top>17</top>
                                    <width>auto</width>
                                    <label>|</label>
                                    <aligny>center</aligny>
                                    <textcolor>$VAR[ColorHighlight]</textcolor>
                                    <font>font_tiny_bold</font>
                                    <height>24</height>
                                    <visible>!String.IsEmpty(ListItem.Property(size))</visible>
                                </control>
                                
                                <control type="label">
                                    <top>17</top>
                                    <width>auto</width>
                                    <label>[UPPERCASE]$INFO[ListItem.Property(type)][/UPPERCASE]</label>
                                    <aligny>center</aligny>
                                    <textcolor>main_fg_100</textcolor>
                                    <font>font_tiny</font>
                                    <height>24</height>
                                    <visible>!String.IsEmpty(ListItem.Property(type))</visible>
                                </control>
                                
                                <control type="label">
                                    <top>17</top>
                                    <width>auto</width>
                                    <label>|</label>
                                    <aligny>center</aligny>
                                    <textcolor>$VAR[ColorHighlight]</textcolor>
                                    <font>font_tiny_bold</font>
                                    <height>24</height>
                                    <visible>!String.IsEmpty(ListItem.Property(type))</visible>
                                </control>
                                
                                <control type="label">
                                    <top>17</top>
                                    <width>auto</width>
                                    <label>[UPPERCASE]$INFO[ListItem.Property(debrid_provider)][/UPPERCASE]</label>
                                    <aligny>center</aligny>
                                    <textcolor>main_fg_100</textcolor>
                                    <font>font_tiny</font>
                                    <height>24</height>
                                    <visible>!String.IsEmpty(ListItem.Property(debrid_provider))</visible>
                                </control>
                                
                                <control type="label">
                                    <top>17</top>
                                    <width>auto</width>
                                    <label>|</label>
                                    <aligny>center</aligny>
                                    <textcolor>$VAR[ColorHighlight]</textcolor>
                                    <font>font_tiny_bold</font>
                                    <height>24</height>
                                    <visible>!String.IsEmpty(ListItem.Property(debrid_provider))</visible>
                                </control>
                                
                                <control type="label">
                                    <top>17</top>
                                    <width>auto</width>
                                    <label>[UPPERCASE]$INFO[ListItem.Property(provider)][/UPPERCASE]</label>
                                    <aligny>center</aligny>
                                    <textcolor>main_fg_100</textcolor>
                                    <font>font_tiny</font>
                                    <height>24</height>
                                    <visible>!String.IsEmpty(ListItem.Property(provider))</visible>
                                </control>
                            </control>
                        </control>
                    </control>
                </control>
                <include>Topbar_Left</include>
            </control>

            <control type="scrollbar" id="64">
                <onback>1000</onback>
                <height>320</height>
                <bottom>80</bottom>
                <width>8</width>
                <centerleft>item_list_height_half</centerleft>
                <onright>1000</onright>
                <showonepage>false</showonepage>
                <orientation>vertical</orientation>
                <texturesliderbackground colordiffuse="main_fg_12" border="4">scrollbar/scrollv.png</texturesliderbackground>
                <texturesliderbar colordiffuse="main_fg_30" border="4">scrollbar/scrollv.png</texturesliderbar>
                <texturesliderbarfocus colordiffuse="main_fg_100" border="4">scrollbar/scrollv.png</texturesliderbarfocus>
                <animation effect="fade" start="100" end="0" time="400" condition="!Control.HasFocus(64)">Conditional</animation>
                <include>Animation_FadeIn</include>
                <include>Animation_FadeOut</include>
            </control>
        </control>

        <include>Topbar_Right</include>
        <include>Object_NowPlaying</include>
        
        <!-- Overlay -->
        <control type="group">
            <visible>Control.HasFocus(9200)</visible>
            <include>Animation_FadeInOut</include>
            <include>Global_Overlay</include>
        </control>
    </controls>
</window>
