<window type="dialog">
    <coordinates>
        <system>1</system>
    </coordinates>

    <controls>
        <!-- Transparent background -->
        <control type="image" id="99">
            <left>0</left>
            <top>0</top>
            <width>100%</width>
            <height>100%</height>
            <texture>special://home/addons/script.module.pil/resources/media/transparent.png</texture>
        </control>

        <!-- Main container with fine adjustment -->
        <control type="group">
            <!-- Adjust "two fingers to the left" and "one finger up" -->
            <left>50% - 300</left>  <!-- +50px to the left (original 250) -->
            <top>50% - 220</top>    <!-- +50px up (original 170) -->
            <width>500</width>
            <height>340</height>

            <!-- Image -->
            <control type="image" id="100">
                <left>-220</left>
                <top>-150</top>
                <width>500</width>
                <height>300</height>
                <texture fallback="DefaultFolder.png">special://home/addons/plugin.video.cinebox.light/resources/medias/icons/donate.jpg</texture>
                <aspectratio>keep</aspectratio>
                <animation effect="fade" start="0" end="100" time="400">WindowOpen</animation>
            </control>

            <!-- Text with fine-tuning -->
            <control type="label" id="101">
                <left>-221</left>
                <top>170</top>
                <width>500</width>
                <height>40</height>
                <font>font13_title</font>
                <textcolor>FFFFFFFF</textcolor>
                <shadowcolor>AA000000</shadowcolor>
                <align>center</align>
                <label>[COLOR yellow]Thank you for your support![/COLOR]</label>
                <animation effect="slide" end="0,-10" time="300" delay="200">WindowOpen</animation>
            </control>
        </control>
    </controls>
</window>