<addon id="plugin.program.exportimport" name="Export Import Kodi Files" version="1.0.3" provider-name="Diamond Build">
  <requires>
    <import addon="xbmc.python" version="3.0.0"/>
  </requires>
  <extension point="xbmc.python.pluginsource" library="default.py">
    <provides>video executable</provides>
  </extension>
  <extension point="xbmc.addon.metadata">
    <summary>File Import/Export + Download ZIP from Direct URL or AFTV Code</summary>
    <platform>all</platform>
   <assets>
       <icon>icon.png</icon>
       <fanart>fanart.png</fanart>
   </assets> 
  </extension>
</addon>
