<?xml version="1.0" encoding="UTF-8"?>
<window>
	<defaultcontrol always="true">9</defaultcontrol>
	<controls>
		<!--all content-->
		<control type="group">
			<centerleft>50%</centerleft>
			<width>1210</width>
			<animation effect="slide" start="1925,0" end="0,0" time="400" tween="quadratic" easing="out">WindowOpen</animation>
			<animation effect="slide" start="0,0" end="-1925,0" time="400" tween="quadratic" easing="out">WindowClose</animation>
			<animation effect="slide" start="0,0" end="-35,0" time="300" condition="Window.IsActive(ShutdownMenu) + !String.IsEqual(Skin.AspectRatio,21:9)">Conditional</animation>
            <control type="image">
			   <top>8%</top>
		       <width>1210</width>
		       <height>920</height>
		       <texture colordiffuse="black">backgrounds/bg_fade_2.png</texture>
			   <bordertexture colordiffuse="$INFO[Skin.String(color.500)]">backgrounds/bg_fade_3.png</bordertexture>
			   <bordersize>2</bordersize>
		    </control>
			<!--text entry bg-->
			<control type="image">
				<top>180</top>
				<width>1210</width>
				<height>70</height>
				<texture colordiffuse="$INFO[Skin.String(color.500)]">backgrounds/white.png</texture>
			</control>
			<!--title shadow-->
			<control type="image">
				<top>180</top>
				<width>1210</width>
				<height>20</height>
				<texture>homeshadow.png</texture>
				<animation effect="fade" start="100" end="75" time="0" condition="true">Conditional</animation>
			</control>
			<!--text entry shadow-->
			<control type="image">
				<top>260</top>
				<width>1210</width>
				<height>10</height>
				<texture>homeshadow.png</texture>
				<animation effect="fade" start="100" end="75" time="0" condition="true">Conditional</animation>
			</control>
			<!--main content-->
			<control type="group">
				<!--title-->
				<control type="label">
					<left>450</left>
					<top>105</top>
					<width>1120</width>
					<height>60</height>
					<font>info.title</font>
					<align>left</align>
					<aligny>center</aligny>
					<textcolor>white</textcolor>
					<label>$LOCALIZE[19142]</label>
				</control>
				<control type="edit" id="9">
					<description>Search string</description>
					<left>15</left>
					<top>180</top>
					<width>1180</width>
					<height>70</height>
					<font>button.bold</font>
					<focusedcolor>white</focusedcolor>
					<align>center</align>
					<aligny>center</aligny>
					<texturefocus></texturefocus>
					<texturenofocus></texturenofocus>
					<onleft>9</onleft>
					<onright>9</onright>
					<onup>9000</onup>
					<ondown>10</ondown>
				</control>
				<control type="group">
					<centertop>49%</centertop>
					<height>515</height>
					<control type="textbox">
						<description>Search help</description>
						<left>10</left>
						<width>1190</width>
						<height>103</height>
						<align>left</align>
						<font>font12</font>
						<textcolor>grey2</textcolor>
						<label>$LOCALIZE[19001] $LOCALIZE[19002]</label>
					</control>
					<control type="group">
						<left>15</left>
						<top>123</top>
						<control type="radiobutton" id="10">
							<description>Include Description</description>
							<left>0</left>
							<top>0</top>
							<height>60</height>
							<width>580</width>
							<label>19134</label>
							<texturenofocus border="5" colordiffuse="white">button-nofocus.png</texturenofocus>
							<onleft>12</onleft>
							<onright>12</onright>
							<onup>9</onup>
							<ondown>11</ondown>
						</control>
						<control type="radiobutton" id="11">
							<description>Case Sensitive</description>
							<left>0</left>
							<top>65</top>
							<height>60</height>
							<width>580</width>
							<label>19135</label>
							<texturenofocus border="5" colordiffuse="white">button-nofocus.png</texturenofocus>
							<onleft>13</onleft>
							<onright>13</onright>
							<onup>10</onup>
							<ondown>14</ondown>
						</control>
						<control type="edit" id="14">
							<description>Start Date</description>
							<left>0</left>
							<top>130</top>
							<width>580</width>
							<height>60</height>
							<label>19128</label>
							<texturenofocus border="5" colordiffuse="white">button-nofocus.png</texturenofocus>
							<onright>16</onright>
							<onleft>16</onleft>
							<onup>11</onup>
							<ondown>15</ondown>
						</control>
						<control type="edit" id="15">
							<description>Stop Date</description>
							<left>0</left>
							<top>195</top>
							<width>580</width>
							<height>60</height>
							<label>19129</label>
							<texturenofocus border="5" colordiffuse="white">button-nofocus.png</texturenofocus>
							<onright>17</onright>
							<onleft>17</onleft>
							<onup>14</onup>
							<ondown>18</ondown>
						</control>
						<control type="spincontrolex" id="18">
							<description>Genre</description>
							<left>0</left>
							<top>260</top>
							<width>580</width>
							<height>60</height>
							<label>515</label>
							<texturenofocus border="5" colordiffuse="white">button-nofocus.png</texturenofocus>
							<onright>19</onright>
							<onleft>19</onleft>
							<onup>15</onup>
							<ondown>20</ondown>
						</control>
						<control type="radiobutton" id="20">
							<description>Include unknown Genres</description>
							<left>0</left>
							<top>325</top>
							<height>60</height>
							<width>580</width>
							<label>19132</label>
							<texturenofocus border="5" colordiffuse="white">button-nofocus.png</texturenofocus>
							<onleft>21</onleft>
							<onright>21</onright>
							<onup>18</onup>
							<ondown>22</ondown>
						</control>
						<control type="radiobutton" id="22">
							<description>FTA only</description>
							<left>0</left>
							<top>390</top>
							<height>60</height>
							<width>580</width>
							<label>19123</label>
							<texturenofocus border="5" colordiffuse="white">button-nofocus.png</texturenofocus>
							<onleft>23</onleft>
							<onright>23</onright>
							<onup>20</onup>
							<ondown>24</ondown>
						</control>
						<control type="radiobutton" id="24">
							<description>Ignore Timers</description>
							<left>0</left>
							<top>455</top>
							<height>60</height>
							<width>580</width>
							<label>19124</label>
							<texturenofocus border="5" colordiffuse="white">button-nofocus.png</texturenofocus>
							<onleft>27</onleft>
							<onright>27</onright>
							<onup>22</onup>
							<ondown>9000</ondown>
						</control>
					</control>
					<control type="group">
						<left>615</left>
						<top>123</top>
						<control type="spincontrolex" id="12">
							<description>Min Duration</description>
							<left>0</left>
							<top>0</top>
							<width>580</width>
							<height>60</height>
							<label>19130</label>
							<texturenofocus border="5" colordiffuse="white">button-nofocus.png</texturenofocus>
							<onright>10</onright>
							<onleft>10</onleft>
							<onup>9</onup>
							<ondown>13</ondown>
						</control>
						<control type="spincontrolex" id="13">
							<description>Max Duration</description>
							<left>0</left>
							<top>65</top>
							<width>580</width>
							<height>60</height>
							<label>19131</label>
							<texturenofocus border="5" colordiffuse="white">button-nofocus.png</texturenofocus>
							<onright>11</onright>
							<onleft>11</onleft>
							<onup>12</onup>
							<ondown>16</ondown>
						</control>
						<control type="edit" id="16">
							<description>Start time</description>
							<left>0</left>
							<top>130</top>
							<width>580</width>
							<height>60</height>
							<label>19126</label>
							<texturenofocus border="5" colordiffuse="white">button-nofocus.png</texturenofocus>
							<onright>14</onright>
							<onleft>14</onleft>
							<onup>13</onup>
							<ondown>17</ondown>
						</control>
						<control type="edit" id="17">
							<description>Stop time</description>
							<left>0</left>
							<top>195</top>
							<width>580</width>
							<height>60</height>
							<label>19127</label>
							<texturenofocus border="5" colordiffuse="white">button-nofocus.png</texturenofocus>
							<onright>15</onright>
							<onleft>15</onleft>
							<onup>16</onup>
							<ondown>19</ondown>
						</control>
						<control type="radiobutton" id="19">
							<description>avoid repeats</description>
							<left>0</left>
							<top>260</top>
							<width>580</width>
							<height>60</height>
							<label>19121</label>
							<texturenofocus border="5" colordiffuse="white">button-nofocus.png</texturenofocus>
							<onright>18</onright>
							<onleft>18</onleft>
							<onup>17</onup>
							<ondown>21</ondown>
						</control>
						<control type="spincontrolex" id="21">
							<description>Groups</description>
							<left>0</left>
							<top>325</top>
							<width>580</width>
							<height>60</height>
							<label>19141</label>
							<texturenofocus border="5" colordiffuse="white">button-nofocus.png</texturenofocus>
							<onright>20</onright>
							<onleft>20</onleft>
							<onup>19</onup>
							<ondown>23</ondown>
						</control>
						<control type="spincontrolex" id="23">
							<description>Channels</description>
							<left>0</left>
							<top>390</top>
							<width>580</width>
							<height>60</height>
							<label>19148</label>
							<texturenofocus border="5" colordiffuse="white">button-nofocus.png</texturenofocus>
							<onleft>22</onleft>
							<onright>22</onright>
							<onup>21</onup>
							<ondown>27</ondown>
						</control>
						<control type="radiobutton" id="27">
							<description>Ignore Recordings</description>
							<left>0</left>
							<top>455</top>
							<height>60</height>
							<width>580</width>
							<label>19125</label>
							<texturenofocus border="5" colordiffuse="white">button-nofocus.png</texturenofocus>
							<onleft>24</onleft>
							<onright>24</onright>
							<onup>23</onup>
							<ondown>9000</ondown>
						</control>
					</control>
				</control>
				<!--bottom buttons-->
				<control type="grouplist" id="9000">
					<centerleft>50%</centerleft>
					<top>145r</top>
					<width>1000</width>
					<height>60</height>
					<align>justify</align>
					<orientation>horizontal</orientation>
					<onleft>9000</onleft>
					<onright>9000</onright>
					<onup>24</onup>
					<ondown>9</ondown>
					<!--reset button-->
					<include content="AnimatedCircleButtonGroup">
						<param name="button-id" value="28" />
						<param name="button-width" value="180" />
						<param name="button-texture" value="refreshbutton" />
						<param name="button-label" value="10035" />
						<param name="button-onup" value="24" />
						<param name="button-ondown" value="9" />
						<param name="button-onleft" value="26" />
						<param name="button-onright" value="25" />
					</include>
					<!--cancel button-->
					<include content="AnimatedCircleButtonGroup">
						<param name="button-id" value="25" />
						<param name="button-width" value="160" />
						<param name="button-texture" value="nobutton" />
						<param name="button-label" value="222" />
						<param name="button-onup" value="27" />
						<param name="button-ondown" value="9" />
						<param name="button-onleft" value="28" />
						<param name="button-onright" value="26" />
					</include>
					<!--search button-->
					<include content="AnimatedCircleButtonGroup">
						<param name="button-id" value="26" />
						<param name="button-width" value="180" />
						<param name="button-texture" value="browsebutton" />
						<param name="button-label" value="137" />
						<param name="button-onup" value="27" />
						<param name="button-ondown" value="9" />
						<param name="button-onleft" value="25" />
						<param name="button-onright" value="28" />
					</include>
				</control>
			</control>
		</control>
	</controls>
</window>