<?xml version="1.0" encoding="UTF-8"?>
<window>
	<animation effect="fade" start="0" end="100" time="200">WindowOpen</animation>
	<animation effect="fade" start="100" end="0" time="200">WindowClose</animation>
	<controls>
		<control type="group">
			<left>383r</left>
			<top>113r</top>
			<width>355</width>
			<height>73</height>
			<!--glow-->
			<control type="image">
				<left>-12</left>
				<top>-10</top>
				<width>350</width>
				<height>93</height>
				<texture colordiffuse="black">backgrounds/bg_fade_2.png</texture>
				<bordertexture colordiffuse="$INFO[Skin.String(color.500)]">backgrounds/bg_fade_4.png</bordertexture>
				<bordersize>2</bordersize>
			</control>
			<control type="image">
				<left>-12</left>
				<top>-10</top>
				<width>350</width>
				<height>93</height>
				<texture border="12" colordiffuse="black">backgrounds/bg_fade_2.png</texture>
				<bordertexture colordiffuse="$INFO[Skin.String(color.500)]">backgrounds/bg_fade_4.png</bordertexture>
				<bordersize>2</bordersize>
			</control>
			<control type="image">
				<description>Busy animation</description>
				<left>100r</left>
				<top>13</top>
				<width>58</width>
				<height>58</height>
				<texture colordiffuse="$INFO[Skin.String(color.500)]">busy.png</texture>
				<aspectratio>keep</aspectratio>
				<animation effect="rotate" start="0" end="360" center="auto" time="1200" loop="true" condition="true">conditional</animation>
			</control>
			<control type="label">
				<description>Busy label</description>
				<left>-40</left>
				<width>202</width>
				<height>73</height>
				<align>right</align>
				<aligny>center</aligny>
				<label>$LOCALIZE[31004]</label>
				<font>kai.primary</font>
				<textcolor>white</textcolor>
			</control>
			<control type="progress" id="10">
				<description>Progressbar</description>
				<left>0</left>
				<top>15r</top>
				<width>190</width>
				<height>6</height>
			</control>
		</control>
	</controls>
</window>