<?xml version="1.0" encoding="UTF-8"?>
<window>
	<defaultcontrol always="true">9000</defaultcontrol>
	<controls>
	    <include>CommonBackground</include>
		<include>Window_OpenClose_Animation</include>
		<!--all content-->
		<control type="group">
		<left>30</left>
		<control type="image">
		    <left>-2</left>
		    <top>17</top>
		    <width>98.6%</width>
		    <height>10.6%</height>
		    <texture>homeshadow_1.png</texture>
		 </control>
		<control type="image">
		    <left>0</left>
		    <top>20</top>
		    <width>98.4%</width>
		    <height>10%</height>
		    <texture colordiffuse="black">backgrounds/bg_fade_2.png</texture>
			<bordertexture colordiffuse="$INFO[Skin.String(color.500)]">backgrounds/bg_fade_3.png</bordertexture>
			<bordersize>2</bordersize>
		 </control>
		 <control type="image">
		    <left>-2</left>
		    <top>947</top>
		    <width>98.6%</width>
		    <height>10.6%</height>
		    <texture>homeshadow_1.png</texture>
		 </control>
		<control type="image">
		    <left>0</left>
		    <top>950</top>
		    <width>98.4%</width>
		    <height>10%</height>
		    <texture colordiffuse="black">backgrounds/bg_fade_2.png</texture>
			<bordertexture colordiffuse="$INFO[Skin.String(color.500)]">backgrounds/bg_fade_3.png</bordertexture>
			<bordersize>2</bordersize>
		 </control>
		<control type="image">
		    <left>-2.8</left>
		    <top>167</top>
		    <width>98.7%</width>
		    <height>69.6%</height>
		    <texture>homeshadow_1.png</texture>
		  </control>
		 <control type="image">
		    <left>0</left>
		    <top>170</top>
		    <width>98.4%</width>
		    <height>69%</height>
		    <texture colordiffuse="black">backgrounds/bg_fade_2.png</texture>
			<bordertexture colordiffuse="$INFO[Skin.String(color.500)]">backgrounds/bg_fade_3.png</bordertexture>
			<bordersize>2</bordersize>
		   </control>
	     </control>
		<control type="group">
		  <!--title-->
		  <control type="label">
			  <left>340</left>
			  <top>50</top>
			  <width>1300</width>
			  <height>50</height>
			  <font>info.title</font>
			  <align>center</align>
			  <aligny>center</aligny>
			  <textcolor>white</textcolor>
			  <label>$INFO[Listitem.Title]</label>
		    </control>
		 </control>
		 <!--thumbs-->
		   <control type="group">
			 <top>209</top>
			 <left>620</left>
		 <!--movies thumb-->
		    <control type="image">
			    <left>0</left>
			    <top>0</top>
			    <width>450</width>
			    <height>675</height>
			    <aspectratio aligny="scale">stretch</aspectratio>
			    <texture background="true">$VAR[PosterThumb]</texture>
			    <bordertexture colordiffuse="$INFO[Skin.String(color.500)]">backgrounds/poster shadow small.png</bordertexture>
			    <bordersize>8</bordersize>
		        <visible>String.IsEqual(ListItem.DBType,movie)</visible>
			  </control>
			<!--tv shows thumb-->
			  <control type="image">
				 <left>0</left>
				 <top>0</top>
				 <width>450</width>
			     <height>675</height>
			     <aspectratio aligny="scale">stretch</aspectratio>
				 <texture background="true">$VAR[PosterThumb]</texture>
				 <bordertexture colordiffuse="$INFO[Skin.String(color.500)]">backgrounds/poster shadow small.png</bordertexture>
				 <bordersize>8</bordersize>
				 <visible>String.IsEqual(ListItem.DBType,tvshow)</visible>
			   </control>
		    <!--episode thumb-->
			  <control type="image">
				 <left>0</left>
				 <top>0</top>
				 <width>457</width>
				 <height>540</height>
				 <aspectratio aligny="center">keep</aspectratio>
				 <texture background="true">$INFO[ListItem.Icon]</texture>
				 <bordertexture colordiffuse="$INFO[Skin.String(color.500)]">backgrounds/poster shadow small.png</bordertexture>
				 <bordersize>9</bordersize>
				 <visible>String.IsEqual(ListItem.DBType,episode)</visible>
			 </control>
		   <!--set thumb-->
		    <control type="image">
			   <left>0</left>
			   <top>0</top>
			   <width>500</width>
			   <height>660</height>
			   <aspectratio aligny="scale">stretch</aspectratio>
			   <texture background="true">$INFO[Container(50).ListItem.Art(poster)]</texture>
			   <bordertexture colordiffuse="$INFO[Skin.String(color.500)]">backgrounds/poster shadow small.png</bordertexture>
			   <bordersize>8</bordersize>
			   <visible>String.IsEqual(ListItem.DBType,set)</visible>
		     </control>
		    </control>
		   <control type="group">
			   <left>265</left>
			   <top>240</top>
			 <control type="image">
		         <left>820</left>
		         <top>-30</top>
		         <width>760</width>
		         <height>385</height>
		         <texture colordiffuse="black">backgrounds/bg_fade_2.png</texture>
			     <bordertexture colordiffuse="$INFO[Skin.String(color.500)]">backgrounds/bg_fade_3.png</bordertexture>
			     <bordersize>2</bordersize>
			  </control>
			 <control type="image">
		           <left>-200</left>
		           <top>-30</top>
		           <width>540</width>
		           <height>675</height>
		           <texture colordiffuse="black">backgrounds/bg_fade_2.png</texture>
			       <bordertexture colordiffuse="$INFO[Skin.String(color.500)]">backgrounds/bg_fade_3.png</bordertexture>
			       <bordersize>2</bordersize>
		        </control>
			<!--info list-->
			    <control type="list" id="49">
				     <visible>String.IsEmpty(Window(Home).Property(TMDbHelper.IsUpdating))</visible>
				     <left>820</left>
				     <top>-10</top>
					 <width>747</width>
					 <height>350</height>
					 <onleft>49</onleft>
					 <onright>49</onright>
					 <onup>9000</onup>
					 <ondown>50</ondown>
					 <pagecontrol></pagecontrol>
					 <scrolltime>200</scrolltime>
					 <itemlayout height="35">
			         <control type="label">
						 <left>30</left>
						  <top>0</top>
						  <width>240</width>
						  <height>35</height>
						  <font>secondary.info</font>
						  <align>left</align>
						  <aligny>center</aligny>
						  <textcolor>white</textcolor>
						  <selectedcolor>selected</selectedcolor>
						  <info>ListItem.Label</info>
					    </control>
						<control type="label">
						    <left>180</left>
							<top>0</top>
							<width>600</width>
							<height>35</height>
							<font>secondary.info</font>
							<align>left</align>
							<aligny>center</aligny>
							<textcolor>white</textcolor>
							<info>ListItem.Label2</info>
					   </control>
					  </itemlayout>
					 <focusedlayout height="35">
						<control type="label">
							 <left>30</left>
							 <top>0</top>
							 <width>240</width>
							 <height>35</height>
							 <font>secondary.info</font>
							 <align>left</align>
							 <aligny>center</aligny>
							 <textcolor>white</textcolor>
							 <info>ListItem.Label</info>
						 </control>
						<control type="label">
							  <left>180</left>
							  <top>0</top>
							  <width>600</width>
							  <height>35</height>
							  <font>secondary.info</font>
							  <align>left</align>
							  <aligny>center</aligny>
							  <textcolor>white</textcolor>
							  <info>ListItem.Label2</info>
						 </control>
					    </focusedlayout>
						<content>
							<item>
								<label>$LOCALIZE[562]</label>
								<label2>$INFO[ListItem.Year]</label2>
								<visible>!String.IsEmpty(ListItem.Year) + !String.IsEqual(ListItem.DBType,set)</visible>
							</item>
							<item>
								<label>$LOCALIZE[20339]</label>
								<label2>$INFO[Window(Home).Property(TMDbHelper.ListItem.Director)]</label2>
								<visible>!String.IsEmpty(Window(Home).Property(TMDbHelper.ListItem.Director))</visible>
							</item>
							<item>
								<label>$LOCALIZE[20417]</label>
								<label2>$INFO[Window(Home).Property(TMDbHelper.ListItem.Writer)]</label2>
								<visible>!String.IsEmpty(Window(Home).Property(TMDbHelper.ListItem.Writer))</visible>
							</item>
							<item>
								<label>$LOCALIZE[563]</label>
								<label2>$INFO[Window(Home).Property(TMDbHelper.ListItem.imdb_rating)]</label2>
							    <visible>!String.IsEmpty(Window(Home).Property(TMDbHelper.ListItem.imdb_rating))</visible>
							</item>
							<item>
								<label>$LOCALIZE[515]</label>
								<label2>$INFO[ListItem.Genre]</label2>
								<visible>!String.IsEmpty(ListItem.Genre) + [String.IsEqual(ListItem.DBType,musicvideo) | String.IsEqual(ListItem.DBType,movie)]</visible>
							</item>
							<item>
								<label>$LOCALIZE[21875]</label>
								<label2>$INFO[Window(Home).Property(TMDbHelper.ListItem.Country)]</label2>
								<visible>!String.IsEmpty(Window(Home).Property(TMDbHelper.ListItem.Country))</visible>
							</item>
							<item>
								<label>$LOCALIZE[572]</label>
								<label2>$INFO[Window(Home).Property(TMDbHelper.ListItem.Studio)]</label2>
								<visible>!String.IsEmpty(Window(Home).Property(TMDbHelper.ListItem.Studio))</visible>
							</item>
							<item>
								<label>$LOCALIZE[20416]</label>
								<label2>$INFO[Window(Home).Property(TMDbHelper.ListItem.Premiered)]</label2>
								<visible>!String.IsEmpty(Window(Home).Property(TMDbHelper.ListItem.Premiered))</visible>
							</item>
							<item>
								<label>$LOCALIZE[20360]</label>
								<label2>$INFO[ListItem.Episode,, $LOCALIZE[20453]]$INFO[ListItem.Season, (, $LOCALIZE[36905])]</label2>
								<visible>!String.IsEmpty(ListItem.Season) + !String.IsEqual(ListItem.DBType,episode)</visible>
							</item>
							<item>
								<label>$LOCALIZE[31068]</label>
								<label2>$INFO[Window(Home).Property(TMDbHelper.ListItem.Mpaa)]</label2>
								<visible>!String.IsEmpty(Window(Home).Property(TMDbHelper.ListItem.Mpaa))</visible>
							</item>
							<item>
								<label>$LOCALIZE[20457]</label>
								<label2>$INFO[Window(Home).Property(TMDbHelper.ListItem.Set)]</label2>
								<visible>!String.IsEmpty(Window(Home).Property(TMDbHelper.ListItem.Set))</visible>
							</item>
							<item>
								<label>$LOCALIZE[20459]</label>
								<label2>$INFO[Window(Home).Property(TMDbHelper.ListItem.Tag)]</label2>
								<visible>!String.IsEmpty(Window(Home).Property(TMDbHelper.ListItem.Tag))</visible>
							</item>
							<item>
								<label>$LOCALIZE[126]</label>
								<label2>$INFO[Window(Home).Property(TMDbHelper.ListItem.Status)]</label2>
								<visible>!String.IsEmpty(Window(Home).Property(TMDbHelper.ListItem.Status))</visible>
							</item>
							<item>
								<label>$LOCALIZE[570]:</label>
								<label2>$INFO[ListItem.DateAdded]</label2>
								<visible>!String.IsEmpty(ListItem.DateAdded) + [String.IsEqual(ListItem.DBType,episode) | String.IsEqual(ListItem.DBType,movie) | String.IsEqual(ListItem.DBType,musicvideo) | String.IsEqual(ListItem.DBType,video)]</visible>
							</item>
							<item>
							  <label>$LOCALIZE[576]</label>
							  <label2>$INFO[Window(Home).Property(TMDbHelper.ListItem.PlayCount)]</label2>
						  <visible>!String.IsEmpty(Window(Home).Property(TMDbHelper.ListItem.PlayCount))</visible>
					   </item>
					</content>
				</control>
	          <control type="image">
				<left>825</left>
				<top>380</top>
				<width>750</width>
				<height>1</height>
				<aspectratio>stretch</aspectratio>
				<texture colordiffuse="$INFO[Skin.String(color.500)]">backgrounds/white.png</texture>
			</control>
		</control>
		<control type="group">
			<visible>Skin.HasSetting(Touchmode)</visible>
			<control type="image">
				<left>70</left>
				<top>110r</top>
				<width>70</width>
				<height>70</height>
				<texture colordiffuse="FF2E2E2E">backgrounds/bg_fade_7.png</texture>
				<bordertexture colordiffuse="$INFO[Skin.String(color.500)]">backgrounds/bg_fade_4.png</bordertexture>
			    <bordersize>2</bordersize>
			</control>
			<control type="button">
				<description>Back push button</description>
				<left>65</left>
				<top>115r</top>
				<width>80</width>
				<height>80</height>
				<font/>
				<onclick>back</onclick>
				<texturefocus colordiffuse="$INFO[Skin.String(color.500)]">icons/back.png</texturefocus>
				<texturenofocus colordiffuse="white">icons/back.png</texturenofocus>
			</control>
		</control>
		<control type="group">
			<left>0</left>
			<top>510</top>
			<visible>Player.HasAudio + !Skin.HasSetting(homepageMusicinfo) + String.IsEmpty(Window(Videos).Property(PlayingBackgroundMedia))</visible>
			<control type="group">
				<control type="label">
					<left>20</left>
					<top>440</top>
					<height>38</height>
					<width>560</width>
					<align>left</align>
					<aligny>center</aligny>
					<font>breadcrumb</font>
					<textcolor>$INFO[Skin.String(color.500)]</textcolor>
					<shadowcolor>black</shadowcolor>
					<label>$INFO[Player.Title]</label>
					<scroll>true</scroll>
				</control>
				<control type="label">
					<left>20</left>
					<top>470</top>
					<height>38</height>
					<width>560</width>
					<align>left</align>
					<aligny>center</aligny>
					<font>breadcrumb.secondary</font>
					<textcolor>$INFO[Skin.String(color.500)]</textcolor>
					<shadowcolor>black</shadowcolor>
					<label>$INFO[MusicPlayer.Artist] [COLORwhite]$INFO[MusicPlayer.Album]$INFO[musicplayer.discnumber, - $LOCALIZE[427]: ][/COLOR]</label>
					<scroll>true</scroll>
				</control>
				<control type="label">
					<left>20</left>
					<top>500</top>
					<height>38</height>
					<width>560</width>
					<align>left</align>
					<aligny>center</aligny>
					<font>breadcrumb.secondary</font>
					<textcolor>white</textcolor>
					<shadowcolor>black</shadowcolor>
					<label>$INFO[Player.Time] / $INFO[Player.Duration,]</label>
					<scroll>true</scroll>
				</control>
			</control>
		</control>
		<control type="group">
			<left>0</left>
			<top>510</top>
			<visible>Player.HasAudio + !Skin.HasSetting(homepageMusicinfo) + String.IsEmpty(Window(Videos).Property(PlayingBackgroundMedia))</visible>
			<control type="group">
				<control type="label">
					<left>20</left>
					<top>440</top>
					<height>38</height>
					<width>560</width>
					<align>left</align>
					<aligny>center</aligny>
					<font>breadcrumb</font>
					<textcolor>$INFO[Skin.String(color.500)]</textcolor>
					<shadowcolor>black</shadowcolor>
					<label>$INFO[Player.Title]</label>
					<scroll>true</scroll>
				</control>
				<control type="label">
					<left>20</left>
					<top>470</top>
					<height>38</height>
					<width>560</width>
					<align>left</align>
					<aligny>center</aligny>
					<font>breadcrumb.secondary</font>
					<textcolor>$INFO[Skin.String(color.500)]</textcolor>
					<shadowcolor>black</shadowcolor>
					<label>$INFO[MusicPlayer.Artist] [COLORwhite]$INFO[MusicPlayer.Album]$INFO[musicplayer.discnumber, - $LOCALIZE[427]: ][/COLOR]</label>
					<scroll>true</scroll>
				</control>
				<control type="label">
					<left>20</left>
					<top>500</top>
					<height>38</height>
					<width>560</width>
					<align>left</align>
					<aligny>center</aligny>
					<font>breadcrumb.secondary</font>
					<textcolor>white</textcolor>
					<shadowcolor>black</shadowcolor>
					<label>$INFO[Player.Time] / $INFO[Player.Duration,]</label>
					<scroll>true</scroll>
				</control>
			</control>
		</control>
		<control type="group">
			<left>0</left>
			<top>480</top>
			<visible>Player.HasVideo + !Skin.HasSetting(homepageVideoinfo) + String.IsEmpty(Window(Videos).Property(PlayingBackgroundMedia))</visible>
				<control type="group">
				<visible>!VideoPlayer.Content(Movies) + !VideoPlayer.Content(Episodes) + !VideoPlayer.Content(LiveTV)</visible>
				<control type="label">
					<left>20</left>
					<top>500</top>
					<height>38</height>
					<width>560</width>
					<align>left</align>
					<aligny>center</aligny>
					<font>breadcrumb</font>
					<textcolor>$INFO[Skin.String(color.500)]</textcolor>
					<shadowcolor>black</shadowcolor>
					<label>$INFO[Player.Title]</label>
					<scroll>true</scroll>
				</control>
				<control type="label">
					<left>20</left>
					<top>530</top>
					<height>38</height>
					<width>560</width>
					<align>left</align>
					<aligny>center</aligny>
					<font>breadcrumb.secondary</font>
					<textcolor>white</textcolor>
					<shadowcolor>black</shadowcolor>
					<label>$INFO[Player.Time] / $INFO[Player.Duration,]</label>
				</control>
			</control>
			<control type="group">
				<visible>VideoPlayer.Content(LiveTV)</visible>
				<control type="label">
					<left>20</left>
					<top>470</top>
					<height>38</height>
					<width>560</width>
					<align>left</align>
					<aligny>center</aligny>
					<font>breadcrumb</font>
					<textcolor>$INFO[Skin.String(color.500)]</textcolor>
					<shadowcolor>black</shadowcolor>
					<label>$INFO[Player.Title]</label>
					<scroll>true</scroll>
				</control>
				<control type="label">
					<left>20</left>
					<top>500</top>
					<height>38</height>
					<width>560</width>
					<align>left</align>
					<aligny>center</aligny>
					<font>breadcrumb.secondary</font>
					<textcolor>white</textcolor>
					<shadowcolor>black</shadowcolor>
					<label>$INFO[VideoPlayer.ChannelName]</label>
					<scroll>true</scroll>
				</control>
				<control type="label">
					<left>20</left>
					<top>530</top>
					<height>38</height>
					<width>560</width>
					<align>left</align>
					<aligny>center</aligny>
					<font>breadcrumb.secondary</font>
					<textcolor>white</textcolor>
					<shadowcolor>black</shadowcolor>
					<label>$INFO[Player.Time] / $INFO[Player.Duration,]</label>
				</control>
			</control>
			<control type="group">
				<visible>VideoPlayer.Content(Movies)</visible>
				<control type="label">
					<left>20</left>
					<top>470</top>
					<height>38</height>
					<width>560</width>
					<align>left</align>
					<aligny>center</aligny>
					<font>breadcrumb</font>
					<textcolor>$INFO[Skin.String(color.500)]</textcolor>
					<shadowcolor>black</shadowcolor>
					<label>$INFO[Player.Title]</label>
					<scroll>true</scroll>
				</control>
				<control type="label">
					<left>20</left>
					<top>500</top>
					<height>38</height>
					<width>560</width>
					<align>left</align>
					<aligny>center</aligny>
					<font>breadcrumb.secondary</font>
					<textcolor>white</textcolor>
					<shadowcolor>black</shadowcolor>
					<label>$INFO[VideoPlayer.Studio]</label>
					<scroll>true</scroll>
				</control>
				<control type="label">
					<left>20</left>
					<top>530</top>
					<height>38</height>
					<width>560</width>
					<align>left</align>
					<aligny>center</aligny>
					<font>breadcrumb.secondary</font>
					<textcolor>white</textcolor>
					<shadowcolor>black</shadowcolor>
					<label>$INFO[Player.Time] / $INFO[Player.Duration,]</label>
				</control>
			</control>
			<control type="group">
				<visible>VideoPlayer.Content(Episodes)</visible>
				<control type="label">
					<left>20</left>
					<top>470</top>
					<height>38</height>
					<width>560</width>
					<align>left</align>
					<aligny>center</aligny>
					<font>breadcrumb</font>
					<textcolor>$INFO[Skin.String(color.500)]</textcolor>
					<shadowcolor>black</shadowcolor>
					<label>$INFO[Player.Title]</label>
					<scroll>true</scroll>
				</control>
				<control type="label">
					<left>20</left>
					<top>500</top>
					<height>38</height>
					<width>560</width>
					<align>left</align>
					<aligny>center</aligny>
					<font>breadcrumb.secondary</font>
					<textcolor>white</textcolor>
					<shadowcolor>black</shadowcolor>
					<label>$INFO[VideoPlayer.TVShowTitle] ($INFO[VideoPlayer.Season,$LOCALIZE[20373] , - ]$INFO[VideoPlayer.episode,$LOCALIZE[20359] ,])</label>
					<scroll>true</scroll>
				</control>
				<control type="label">
					<left>20</left>
					<top>530</top>
					<height>38</height>
					<width>450</width>
					<align>left</align>
					<aligny>center</aligny>
					<font>breadcrumb.secondary</font>
					<textcolor>white</textcolor>
					<shadowcolor>black</shadowcolor>
					<label>$INFO[Player.Time] / $INFO[Player.Duration,]</label>
				</control>
			</control>
		</control>
		<control type="group">
			<left>0</left>
			<width>1880</width>
			<visible>!Window.IsActive(FileBrowser) + !Window.IsActive(SelectDialog)</visible>
			<control type="grouplist" id="9000">
				<top>975</top>
				<width>1920</width>
				<height>60</height>
				<align>center</align>
				<itemgap>500</itemgap>
				<orientation>horizontal</orientation>
				<onup>50</onup>
				<control type="button" id="8">
					<width>250</width>
					<height>60</height>
					<texturefocus colordiffuse="$INFO[Skin.String(color.500)]">backgrounds/white.png</texturefocus>
					<texturenofocus colordiffuse="FF3B3B3B">backgrounds/white.png</texturenofocus>
					<font>label</font>
					<textcolor>white</textcolor>
					<focusedcolor>white</focusedcolor>
					<shadowcolor>black</shadowcolor>
					<align>center</align>
					<label>208</label>
					<onclick></onclick>
					<onup>50</onup>
					<onright>11</onright>
				</control>
				<control type="button" id="11">
					<visible>!Container.Content(Sets)</visible>
					<width>250</width>
					<height>60</height>
					<texturefocus colordiffuse="$INFO[Skin.String(color.500)]">backgrounds/white.png</texturefocus>
					<texturenofocus colordiffuse="FF3B3B3B">backgrounds/white.png</texturenofocus>
					<font>label</font>
					<textcolor>white</textcolor>
					<focusedcolor>white</focusedcolor>
					<shadowcolor>black</shadowcolor>
					<align>center</align>
					<label>20410</label>
					<onclick></onclick>
					<onup>50</onup>
					<onleft>8</onleft>
				</control>
			</control>
			<control type="group">
				<visible>Container.Content(Movies) | Container.Content(Seasons) | Container.Content(TVShows) | Container.Content(Episodes)</visible>
				<!--plot-->
				<control type="textbox">
					<left>83</left>
					<top>250</top>
					<width>500</width>
					<height>595</height>
					<font>font12</font>
					<align>justify</align>
					<textcolor>$INFO[Skin.String(color.500)]</textcolor>
					<shadowcolor>black</shadowcolor>
					<label>$INFO[Window(Home).Property(ListItem.Tagline)][CR][CR][COLORwhite]$INFO[Window(Home).Property(ListItem.Plot][/COLOR]</label>
					<visible>!String.IsEmpty(Window(Home).Property(ListItem.Plot))</visible>
					<autoscroll time="2000" delay="6000" repeat="10000">true</autoscroll>
				</control>
				<control type="textbox">
					<left>83</left>
					<top>250</top>
					<width>500</width>
					<height>595</height>
					<font>font12</font>
					<align>justify</align>
					<textcolor>$INFO[Skin.String(color.500)]</textcolor>
					<shadowcolor>black</shadowcolor>
					<label>$INFO[ListItem.Tagline][CR][CR][COLORwhite]$INFO[ListItem.Plot][/COLOR]</label>
					<visible>String.IsEmpty(Window(Home).Property(ListItem.Plot))</visible>
					<autoscroll time="2000" delay="6000" repeat="10000">true</autoscroll>
				</control>
				<control type="label">
					<left>630</left>
					<top>990</top>
					<width>650</width>
					<height>35</height>
					<font>label</font>
					<align>center</align>
					<aligny>center</aligny>
					<textcolor>$INFO[Skin.String(color.500)]</textcolor>
					<shadowcolor>black</shadowcolor>
					<label>$INFO[Window(Home).Property(ListItem.Duration_HHMM)]</label>
					<visible>!String.IsEmpty(Window(Home).Property(ListItem.Duration))</visible>
				</control>
				<control type="label"><!--Fallback-->
					<left>630</left>
					<top>990</top>
					<width>650</width>
					<height>35</height>
					<font>label</font>
					<align>center</align>
					<aligny>center</aligny>
					<textcolor>$INFO[Skin.String(color.500)]</textcolor>
					<shadowcolor>black</shadowcolor>
					<label>$INFO[ListItem.Duration]</label>
					<visible>String.IsEmpty(Window(Home).Property(ListItem.Duration))</visible>
			   </control>
			 </control>
			<control type="textbox">
				<visible>Container.Content(Sets)</visible>
				<left>20</left>
				<top>250</top>
				<width>500</width>
				<height>595</height>
				<font>font12</font>
				<align>justify</align>
				<textcolor>white</textcolor>
				<shadowcolor>black</shadowcolor>
				<label>$INFO[Window(Home).Property(ListItem.Plot)]</label>
				<visible>!String.IsEmpty(Window(Home).Property(ListItem.Plot))</visible>
				<autoscroll time="2000" delay="6000" repeat="10000">true</autoscroll>
			 </control>
			<control type="panel" id="50">
				<left>1090</left>
				<top>625</top>
				<width>760</width>
				<height>370</height>
				<onleft>50</onleft>
				<onright>50</onright>
				<ondown>9000</ondown>
				<pagecontrol>61</pagecontrol>
				<scrolltime>200</scrolltime>
				<orientation>horizontal</orientation>
				<itemlayout height="240" width="190" condition="!Container.Content(Sets)">
				 <control type="group">
				  <!--thumb (fallback)-->
				  <control type="image">
					 <left>5</left>
					 <top>15</top>
					 <width>170</width>
					 <height>230</height>
					 <aspectratio>scale</aspectratio>
					 <texture colordiffuse="$INFO[Skin.String(color.500)]" background="true">DefaultActor.png</texture>
				     <visible>String.IsEmpty(ListItem.Thumb)</visible>
					</control>
				   <!--thumb (not fallback)-->
				    <control type="image">
					  <left>0</left>
					  <top>10</top>
					  <width>180</width>
					  <height>240</height>
					  <aspectratio>scale</aspectratio>
					  <texture background="true">$INFO[ListItem.Thumb]</texture>
					  <bordersize>5</bordersize>
					  <bordertexture>backgrounds/poster shadow small.png</bordertexture>
					  <visible>!String.IsEmpty(ListItem.Thumb)</visible>
				    </control>
					 <!--label background-->
				   <control type="image">
					  <left>5</left>
					  <top>185</top>
					  <width>170</width>
					  <height>60</height>
					  <texture colordiffuse="black">backgrounds/white.png</texture>
					 </control>
				   <control type="label">
					  <left>5</left>
					  <top>186</top>
					  <width>170</width>
					  <height>30</height>
					  <align>center</align>
					  <aligny>center</aligny>
					  <font>secondary.info.light</font>
					  <textcolor>white</textcolor>
					  <label>$INFO[ListItem.Label]</label>
					 </control>
				    <control type="label">
						<left>5</left>
						<top>212</top>
						<width>170</width>
						<height>30</height>
						<align>center</align>
						<aligny>center</aligny>
						<font>secondary.info.small</font>
						<textcolor>white</textcolor>
						<label>$INFO[ListItem.Label2]</label>
					  </control>
					 </control>
				    </itemlayout>
				  <focusedlayout height="240" width="190" condition="!Container.Content(Sets)">
					  <control type="group">
						<!--thumb bg (for fallback)-->
						 <control type="image">
							<left>0</left>
							<top>10</top>
							<width>180</width>
							<height>240</height>
							<texture colordiffuse="quaternary" background="true">backgrounds/white.png</texture>
							<bordersize>5</bordersize>
							<bordertexture colordiffuse="$INFO[Skin.String(color.500)]">backgrounds/white.png</bordertexture>
							<visible>String.IsEmpty(ListItem.Thumb)</visible>
						 </control>
						<!--thumb (fallback)-->
						 <control type="image">
							<left>5</left>
							<top>15</top>
							<width>170</width>
							<height>230</height>
							<aspectratio>scale</aspectratio>
							<texture colordiffuse="$INFO[Skin.String(color.500)]" background="true">DefaultActor.png</texture>
							<visible>String.IsEmpty(ListItem.Thumb)</visible>
						 </control>
						<!--thumb (not fallback)-->
						 <control type="image">
							<left>0</left>
							<top>10</top>
							<width>180</width>
							<height>240</height>
							<aspectratio>scale</aspectratio>
							<texture background="true">$INFO[ListItem.Thumb]</texture>
							<bordersize>5</bordersize>
							<bordertexture colordiffuse="$INFO[Skin.String(color.500)]">backgrounds/white.png</bordertexture>
							<visible>!String.IsEmpty(ListItem.Thumb)</visible>
						 </control>
						<!--label background-->
						 <control type="image">
							<left>5</left>
							<top>185</top>
							<width>170</width>
							<height>60</height>
						    <texture colordiffuse="black">backgrounds/white.png</texture>
						</control>
						 <control type="label">
							<left>5</left>
							<top>186</top>
							<width>170</width>
							<height>30</height>
							<align>center</align>
							<aligny>center</aligny>
							<font>secondary.info.light</font>
							<textcolor>white</textcolor>
							<label>$INFO[ListItem.Label]</label>
						    <scrollspeed>25</scrollspeed>
						</control>
						<control type="label">
							<left>5</left>
							<top>212</top>
							<width>170</width>
							<height>30</height>
							<align>center</align>
							<aligny>center</aligny>
							<font>secondary.info.small</font>
							<textcolor>white</textcolor>
							<label>$INFO[ListItem.Label2]</label>
							<scrollspeed>25</scrollspeed>
						</control>
					  </control>
					</focusedlayout>
					<itemlayout height="260" width="200" condition="Container.Content(Sets)">
						<control type="group">
							<control type="image">
								<top>0</top>
								<width>220</width>
								<height>260</height>
								<texture>DefaultMovies.png</texture>
								<aspectratio aligny="center">scale</aspectratio>
								<bordertexture border="21">overlays/shadow.png</bordertexture>
								<bordersize>20</bordersize>
								<visible>String.IsEmpty(ListItem.Art(poster))</visible>
							</control>
							<control type="image">
								<top>20</top>
								<left>20</left>
								<width>180</width>
								<height>220</height>
								<texture background="true">$INFO[ListItem.Art(poster)]</texture>
								<aspectratio aligny="center">keep</aspectratio>
							</control>
							<control type="textbox">
								<left>30</left>
								<width>182</width>
								<height>84</height>
								<top>210</top>
								<align>center</align>
								<aligny>center</aligny>
								<font>font23_narrow</font>
								<label>$INFO[ListItem.Label]</label>
								<visible>String.IsEmpty(ListItem.Art(poster))</visible>
							</control>
						</control>
					</itemlayout>
					<focusedlayout height="260" width="200" condition="Container.Content(Sets)">
					 <control type="group">
					 <control type="image">
						 <left>15</left>
						 <top>15</top>
						 <width>190</width>
						 <height>230</height>
						 <texture background="true">$INFO[ListItem.Art(poster)]</texture>
						 <bordertexture colordiffuse="$INFO[Skin.String(color.500)]">backgrounds/white.png</bordertexture>
						 <bordersize>5</bordersize>
						 <aspectratio aligny="center">keep</aspectratio>
					    </control>
					  <control type="image">
						 <top>0</top>
						 <width>220</width>
						 <height>260</height>
						 <texture>DefaultMovies.png</texture>
						 <aspectratio aligny="center">scale</aspectratio>
						 <bordertexture border="21">overlays/shadow.png</bordertexture>
						 <bordersize>20</bordersize>
						 <visible>String.IsEmpty(ListItem.Art(poster))</visible>
					   </control>
					 <control type="image">
						<top>20</top>
						<left>20</left>
						<width>180</width>
						<height>220</height>
						<texture background="true">$INFO[ListItem.Art(poster)]</texture>
						<aspectratio aligny="center">keep</aspectratio>
					  </control>
					<control type="textbox">
					   <left>30</left>
					   <width>182</width>
					   <height>84</height>
					   <top>210</top>
					   <align>center</align>
					   <aligny>center</aligny>
					   <font>font23_narrow</font>
					   <label>$INFO[ListItem.Label]</label>
					   <visible>String.IsEmpty(ListItem.Art(poster))</visible>
					</control>
				  </control>
				</focusedlayout>
			  </control>
			 <control type="scrollbar" id="61">
			  <orientation>horizontal</orientation>
			  <left>1095</left>
			  <top>890</top>
			  <width>750</width>
			  <height>9</height>
			  <visible>Control.IsVisible(50)</visible>
			</control>
		</control>
	</controls>
</window>