<?xml version="1.0" encoding="UTF-8"?>
<window>
	<defaultcontrol>20</defaultcontrol>
	<controls>
		<include>CommonBackground</include>
		<include>VisibleFadeEffect</include>
		<!--all content-->
		<control type="group">
		<left>30</left>
		<control type="image">
		    <left>-2</left>
		    <top>17</top>
		    <width>98.6%</width>
		    <height>10.6%</height>
		    <texture>homeshadow_1.png</texture>
		 </control>
		<control type="image">
		    <left>0</left>
		    <top>20</top>
		    <width>98.4%</width>
		    <height>10%</height>
		    <texture colordiffuse="black">backgrounds/bg_fade_2.png</texture>
			<bordertexture colordiffuse="$INFO[Skin.String(color.500)]">backgrounds/bg_fade_3.png</bordertexture>
			<bordersize>2</bordersize>
		 </control>
		 <control type="image">
		    <left>-2</left>
		    <top>947</top>
		    <width>98.6%</width>
		    <height>10.6%</height>
		    <texture>homeshadow_1.png</texture>
		  </control>
		<control type="image">
		    <left>0</left>
		    <top>950</top>
		    <width>98.4%</width>
		    <height>10%</height>
		    <texture colordiffuse="black">backgrounds/bg_fade_2.png</texture>
			<bordertexture colordiffuse="$INFO[Skin.String(color.500)]">backgrounds/bg_fade_3.png</bordertexture>
			<bordersize>2</bordersize>
		  </control>
	    </control>	
	    <control type="group">
		<visible>!Skin.HasSetting(Clock)</visible>
			<control type="image">
				<right>62</right>
				<top>45</top>
				<width>250</width>
				<height>60</height>
				<texture colordiffuse="FF2E2E2E">backgrounds/bg_fade_7.png</texture>
				<bordertexture colordiffuse="$INFO[Skin.String(color.500)]">backgrounds/bg_fade_4.png</bordertexture>
			    <bordersize>2</bordersize>
			</control>
			<control type="label">
				<right>177</right>
				<top>45</top>
				<width>200</width>
				<height>60</height>
				<align>right</align>
				<aligny>center</aligny>
				<font>fontContextMenu</font>
				<textcolor>white</textcolor>
				<label>$INFO[System.Time(hh:mm)]</label>
			</control>
			<control type="label">
				<right>107</right>
				<top>45</top>
				<width>70</width>
				<height>60</height>
				<align>left</align>
				<aligny>center</aligny>
				<font>fontContextMenu</font>
				<textcolor>white</textcolor>
				<label>:$INFO[System.Time(ss)]</label>
			</control>
			<control type="image">
				<left>60</left>
				<top>45</top>
				<width>250</width>
				<height>60</height>
				<texture colordiffuse="FF2E2E2E">backgrounds/bg_fade_7.png</texture>
			    <bordertexture colordiffuse="$INFO[Skin.String(color.500)]">backgrounds/bg_fade_4.png</bordertexture>
				<bordersize>2</bordersize>
			</control>
			<control type="label">
				<left>111</left>
				<top>45</top>
				<width>360</width>
				<height>60</height>
				<align>left</align>
				<aligny>center</aligny>
				<font>fontContextMenu</font>
				<textcolor>white</textcolor>
				<label>$INFO[System.Date(dd:mm:yyyy]</label>
			</control>
		</control>
		<control type="group">
			<visible>Skin.HasSetting(Touchmode)</visible>
			<control type="image">
				<left>60</left>
				<top>110r</top>
				<width>70</width>
				<height>70</height>
				<texture colordiffuse="FF2E2E2E">backgrounds/bg_fade_7.png</texture>
				<bordertexture colordiffuse="$INFO[Skin.String(color.500)]">backgrounds/bg_fade_4.png</bordertexture>
				<bordersize>2</bordersize>
			</control>
			<control type="button">
				<description>Back push button</description>
				<left>55</left>
				<top>115r</top>
				<width>80</width>
				<height>80</height>
				<label></label>
				<font/>
				<onclick>back</onclick>
				<texturefocus colordiffuse="$INFO[Skin.String(color.500)]">icons/back.png</texturefocus>
				<texturenofocus colordiffuse="FFFFFFFF">icons/back.png</texturenofocus>
			</control>
			<control type="image">
				<right>70</right>
				<top>110r</top>
				<width>70</width>
				<height>70</height>
				<texture colordiffuse="FF2E2E2E">backgrounds/bg_fade_7.png</texture>
				<bordertexture colordiffuse="$INFO[Skin.String(color.500)]">backgrounds/bg_fade_4.png</bordertexture>
				<bordersize>2</bordersize>
			</control>
			<control type="button">
				<description>Home push button</description>
				<right>65</right>
				<top>115r</top>
				<width>80</width>
				<height>80</height>
				<label></label>
				<font/>
				<onclick>ActivateWindow(home)</onclick>
				<texturefocus colordiffuse="$INFO[Skin.String(color.500)]">icons/home.png</texturefocus>
				<texturenofocus colordiffuse="FFFFFFFF">icons/home.png</texturenofocus>
			</control>
		</control>	
		<control type="group">
			<left>58</left>
			<centertop>50%</centertop>
			<width>1802</width>
			<height>783</height>
			<control type="image">
				<left>-2</left>
				<top>-3</top>
				<width>896</width>
				<height>105.2</height>
				<texture>homeshadow_1.png</texture>
			</control>
			<control type="image">
				<left>0</left>
				<top>0</top>
				<width>892</width>
				<height>100</height>
				<texture colordiffuse="black">backgrounds/bg_fade_2.png</texture>
				<bordertexture colordiffuse="$INFO[Skin.String(color.500)]">backgrounds/bg_fade_3.png</bordertexture>
				<bordersize>2</bordersize>
			</control>
			<control type="image">
				<left>-3</left>
				<top>137</top>
				<width>897.8</width>
				<height>641</height>
				<texture>homeshadow_1.png</texture>
			</control>
			<control type="image">
				<left>0</left>
				<top>140</top>
				<width>892</width>
				<height>635</height>
				<texture colordiffuse="black">backgrounds/bg_fade_2.png</texture>
				<bordertexture colordiffuse="$INFO[Skin.String(color.500)]">backgrounds/bg_fade_5.png</bordertexture>
				<bordersize>2</bordersize>
			</control>
			<!--title-->
			<control type="label">
				<left>20</left>
				<top>0</top>
				<width>860</width>
				<height>90</height>
				<font>info.title</font>
				<align>left</align>
				<aligny>center</aligny>
				<textcolor>white</textcolor>
				<label>A</label>
			</control>
			<!--secondary title-->
			<control type="label" id="101">
				<left>20</left>
				<top>95</top>
				<width>650</width>
				<height>50</height>
				<font>kai.secondary</font>
				<align>left</align>
				<aligny>center</aligny>
				<textcolor>white</textcolor>
				<scroll>true</scroll>
			</control>
			<!--page info-->
			<control type="label">
				<left>675</left>
				<top>95</top>
				<width>200</width>
				<height>50</height>
				<font>kai.secondary</font>
				<align>right</align>
				<aligny>center</aligny>
				<textcolor>white</textcolor>
				<shadowcolor>black</shadowcolor>
				<label>$INFO[Container(20).NumItems] $LOCALIZE[31025] ($LOCALIZE[31024] $INFO[Container(20).CurrentPage]/$INFO[Container(20).NumPages])</label>
			</control>
			<control type="list" id="20">
				<left>14</left>
				<top>157</top>
				<width>865</width>
				<height>609</height>
				<onleft>30</onleft>
				<onright>21</onright>
				<onup>20</onup>
				<ondown>20</ondown>
				<pagecontrol>30</pagecontrol>
				<scrolltime>200</scrolltime>
				<itemlayout height="87" width="865">
			      <control type="image">
				      <left>0</left>
					  <top>0</top>
					  <width>865</width>
					  <height>78</height>
				      <texture colordiffuse="FF2E2E2E">backgrounds/bg_fade_7.png</texture>
				      <bordertexture colordiffuse="$INFO[Skin.String(color.500)]">backgrounds/bg_fade_3.png</bordertexture>
				      <bordersize>2</bordersize>
			       </control>
				  <control type="label">
						<left>60</left>
						<top>-7</top>
						<width>590</width>
						<font>label</font>
						<aligny>center</aligny>
						<textcolor>white</textcolor>
						<shadowcolor>black</shadowcolor>
						<selectedcolor>white</selectedcolor>
						<info>ListItem.Label</info>
					</control>
					<control type="label">
						<left>660</left>
						<top>-7</top>
						<width>195</width>
						<font>label</font>
						<aligny>center</aligny>
						<textcolor>white</textcolor>
						<shadowcolor>black</shadowcolor>
						<selectedcolor>white</selectedcolor>
						<align>right</align>
						<info>ListItem.Label2</info>
					</control>
					<control type="image">
						<left>4</left>
						<top>0</top>
						<width>51</width>
						<height>76</height>
						<texture colordiffuse="white">$INFO[ListItem.Icon]</texture>
						<aspectratio align="center" aligny="center">keep</aspectratio>
					</control>
				</itemlayout>
				<focusedlayout height="87" width="865">
					<!--background-->
					<control type="image">
						<left>0</left>
						<top>0</top>
						<width>865</width>
						<height>78</height>
						<texture colordiffuse="$INFO[Skin.String(color.500)]">backgrounds/white.png</texture>
						<animation effect="fade" start="100" end="30" time="100" condition="!Control.HasFocus(20)">Conditional</animation>
					</control>
					<control type="label">
						<left>60</left>
						<top>-7</top>
						<width>590</width>
						<font>label</font>
						<aligny>center</aligny>
						<textcolor>white</textcolor>
						<shadowcolor>black</shadowcolor>
						<selectedcolor>selected</selectedcolor>
						<info>ListItem.Label</info>
					</control>
					<control type="label">
						<left>660</left>
						<top>-7</top>
						<width>195</width>
						<font>label</font>
						<aligny>center</aligny>
						<textcolor>white</textcolor>
						<shadowcolor>black</shadowcolor>
						<selectedcolor>selected</selectedcolor>
						<align>right</align>
						<info>ListItem.Label2</info>
					</control>
					<control type="image">
						<left>4</left>
						<top>0</top>
						<width>51</width>
						<height>76</height>
						<texture colordiffuse="white">$INFO[ListItem.Icon]</texture>
						<aspectratio align="center" aligny="center">keep</aspectratio>
					</control>
				</focusedlayout>
			</control>
			<control type="scrollbar" id="30">
				<left>-15</left>
				<top>150</top>
				<height>605</height>
				<onleft>31</onleft>
				<onright>20</onright>
				<ondown>20</ondown>
				<onup>20</onup>
				<orientation>vertical</orientation>
			</control>
		</control>
		<control type="group">
			<left>968</left>
			<centertop>50%</centertop>
			<width>1802</width>
			<height>783</height>
			<control type="image">
				<left>-2</left>
				<top>-3</top>
				<width>896</width>
				<height>105.2</height>
				<texture>homeshadow_1.png</texture>
			</control>
			<control type="image">
				<left>0</left>
				<top>0</top>
				<width>892</width>
				<height>100</height>
				<texture colordiffuse="black">backgrounds/bg_fade_2.png</texture>
				<bordertexture colordiffuse="$INFO[Skin.String(color.500)]">backgrounds/bg_fade_3.png</bordertexture>
				<bordersize>2</bordersize>
			</control>
			<control type="image">
				<left>-3</left>
				<top>137</top>
				<width>897.8</width>
				<height>641</height>
				<texture>homeshadow_1.png</texture>
			</control>
			<control type="image">
				<left>0</left>
				<top>140</top>
				<width>892</width>
				<height>635</height>
				<texture colordiffuse="black">backgrounds/bg_fade_2.png</texture>
				<bordertexture colordiffuse="$INFO[Skin.String(color.500)]">backgrounds/bg_fade_5.png</bordertexture>
				<bordersize>2</bordersize>
			</control>
			<!--title-->
			<control type="label">
				<left>20</left>
				<top>0</top>
				<width>860</width>
				<height>90</height>
				<font>info.title</font>
				<align>left</align>
				<aligny>center</aligny>
				<textcolor>white</textcolor>
				<label>B</label>
			</control>
			<!--secondary title-->
			<control type="label" id="102">
				<left>20</left>
				<top>95</top>
				<width>650</width>
				<height>50</height>
				<font>kai.secondary</font>
				<align>left</align>
				<aligny>center</aligny>
				<textcolor>white</textcolor>
				<scroll>true</scroll>
			</control>
			<!--page info-->
			<control type="label">
				<left>675</left>
				<top>95</top>
				<width>200</width>
				<height>50</height>
				<font>kai.secondary</font>
				<align>right</align>
				<aligny>center</aligny>
				<textcolor>white</textcolor>
				<shadowcolor>black</shadowcolor>
				<label>$INFO[Container(21).NumItems] $LOCALIZE[31025] ($LOCALIZE[31024] $INFO[Container(21).CurrentPage]/$INFO[Container(21).NumPages])</label>
			</control>
			<control type="list" id="21">
				<left>14</left>
				<top>157</top>
				<width>865</width>
				<height>609</height>
				<onleft>20</onleft>
				<onright>31</onright>
				<onup>21</onup>
				<ondown>21</ondown>
				<pagecontrol>31</pagecontrol>
				<scrolltime>200</scrolltime>
				<itemlayout height="87" width="865">
				   <control type="image">
				      <left>0</left>
					  <top>0</top>
					  <width>865</width>
					  <height>78</height>
				      <texture colordiffuse="FF2E2E2E">backgrounds/bg_fade_7.png</texture>
				      <bordertexture colordiffuse="$INFO[Skin.String(color.500)]">backgrounds/bg_fade_3.png</bordertexture>
				      <bordersize>2</bordersize>
			       </control>
				  <control type="label">
						<left>60</left>
						<top>-7</top>
						<width>590</width>
						<font>label</font>
						<textcolor>white</textcolor>
				        <shadowcolor>black</shadowcolor>
						<aligny>center</aligny>
						<selectedcolor>selected</selectedcolor>
						<info>ListItem.Label</info>
					</control>
					<control type="label">
						<left>660</left>
						<top>-7</top>
						<width>195</width>
						<font>label</font>
						<textcolor>white</textcolor>
				        <shadowcolor>black</shadowcolor>
						<aligny>center</aligny>
						<selectedcolor>selected</selectedcolor>
						<align>right</align>
						<info>ListItem.Label2</info>
					</control>
					<control type="image">
						<left>4</left>
						<top>0</top>
						<width>51</width>
						<height>76</height>
						<texture colordiffuse="white">$INFO[ListItem.Icon]</texture>
						<aspectratio align="center" aligny="center">keep</aspectratio>
					</control>
				</itemlayout>
				<focusedlayout height="87" width="865">
					<!--background-->
					<control type="image">
				      <left>0</left>
					  <top>0</top>
					  <width>865</width>
					  <height>78</height>
				      <texture colordiffuse="FF2E2E2E">backgrounds/bg_fade_7.png</texture>
				      <bordertexture colordiffuse="$INFO[Skin.String(color.500)]">backgrounds/bg_fade_3.png</bordertexture>
				      <bordersize>2</bordersize>
			       </control>
					<control type="image">
						<left>0</left>
						<top>0</top>
						<width>865</width>
						<height>78</height>
						<texture colordiffuse="$INFO[Skin.String(color.500)]">backgrounds/white.png</texture>
						<animation effect="fade" start="100" end="0" time="100" condition="!Control.HasFocus(21)">Conditional</animation>
					</control>
					<control type="label">
						<left>60</left>
						<top>-7</top>
						<width>590</width>
						<font>label</font>
						<aligny>center</aligny>
						<textcolor>white</textcolor>
				        <shadowcolor>black</shadowcolor>
						<info>ListItem.Label</info>
					</control>
					<control type="label">
						<left>660</left>
						<top>-7</top>
						<width>195</width>
						<font>label</font>
						<aligny>center</aligny>
						<textcolor>white</textcolor>
				        <shadowcolor>black</shadowcolor>
						<align>right</align>
						<info>ListItem.Label2</info>
					</control>
					<control type="image">
						<left>4</left>
						<top>0</top>
						<width>51</width>
						<height>76</height>
						<texture colordiffuse="white">$INFO[ListItem.Icon]</texture>
						<aspectratio align="center" aligny="center">keep</aspectratio>
					</control>
				</focusedlayout>
			</control>
			<control type="scrollbar" id="31">
				<left>898</left>
				<top>150</top>
				<height>605</height>
				<onleft>21</onleft>
				<onright>30</onright>
				<ondown>21</ondown>
				<onup>21</onup>
				<orientation>vertical</orientation>
			</control>
		</control>
		<include>BehindDialogFadeOut</include>
	</controls>
</window>