<?xml version="1.0" encoding="UTF-8"?>
<fonts>
	<fontset id="Default" idloc="31390">
		<!--Unity Fonts-->
		<font>
			<name>info.title</name>
			<filename>LibreBaskerville-Regular.ttf</filename>
			<size>48</size>
			<linespacing>0.9</linespacing>
		</font>
		<font>
			<name>main.menu</name>
			<filename>LibreBaskerville-Regular.ttf</filename>
			<size>40</size>
			<linespacing>0.9</linespacing>
			<style>uppercase</style>
		</font>
		<font>
			<name>main.menu2</name>
			<filename>LibreBaskerville-Regular.ttf</filename>
			<size>35</size>
			<linespacing>0.9</linespacing>
			<style>uppercase</style>
		</font>
		<font>
			<name>breadcrumb</name>
			<filename>LibreBaskerville-Regular.ttf</filename>
			<size>31</size>
			<linespacing>0.9</linespacing>
		</font>
		<font>
			<name>breadcrumb.secondary</name>
			<filename>LibreBaskerville-Regular.ttf</filename>
			<size>38</size>
			<style>uppercase</style>
		</font>
		<font>
			<name>breadcrumb.secondary2</name>
			<filename>LibreBaskerville-Regular.ttf</filename>
			<size>20</size>
		</font>
		<font>
			<name>breadcrumb.tertiary</name>
			<filename>LibreBaskerville-Regular.ttf</filename>
			<size>18</size>
			<style>uppercase</style>
		</font>
		<font>
			<name>label</name>
			<filename>LibreBaskerville-Regular.ttf</filename>
			<size>27</size>
			<linespacing>1</linespacing>
		</font>
		<font>
			<name>secondary.info</name>
			<filename>LibreBaskerville-Bold.ttf</filename>
			<size>22</size>
		</font>
		<font>
			<name>secondary.info.light</name>
			<filename>LibreBaskerville-Regular.ttf</filename>
			<size>22</size>
		</font>
		<font>
			<name>secondary.info.small</name>
			<filename>LibreBaskerville-Regular.ttf</filename>
			<size>20</size>
		</font>
		<font>
			<name>secondary.info.big</name>
			<filename>LibreBaskerville-Regular.ttf</filename>
			<size>25</size>
		</font>
		<font>
			<name>menu.title</name>
			<filename>LibreBaskerville-Regular.ttf</filename>
			<size>34</size>
			<linespacing>0.9</linespacing>
		</font>
		<font>
			<name>channel</name>
			<filename>LibreBaskerville-Bold.ttf</filename>
			<size>28</size>
			<linespacing>0.9</linespacing>
		</font>
		<font>
			<name>button</name>
			<filename>LibreBaskerville-Regular.ttf</filename>
			<size>24</size>
		</font>
		<font>
			<name>button.bold</name>
			<filename>LibreBaskerville-Bold.ttf</filename>
			<size>24</size>
		</font>
		<font>
			<name>kai.primary</name>
			<filename>LibreBaskerville-Regular.ttf</filename>
			<size>24</size>
		</font>
		<font>
			<name>kai.secondary</name>
			<filename>LibreBaskerville-Regular.ttf</filename>
			<size>20</size>
		</font>
		<!-- Normal Fonts -->
		<font>
			<name>font10</name>
			<filename>LibreBaskerville-Regular.ttf</filename>
			<size>21</size>
		</font>
		<font>
			<name>font12</name>
			<filename>LibreBaskerville-Regular.ttf</filename>
			<size>26</size>
		</font>
		<font>
			<name>font13</name>
			<filename>LibreBaskerville-Regular.ttf</filename>
			<size>30</size>
		</font>
		<font>
			<name>font14</name>
			<filename>LibreBaskerville-Regular.ttf</filename>
			<size>33</size>
		</font>
		<font>
			<name>font16</name>
			<filename>LibreBaskerville-Regular.ttf</filename>
			<size>38</size>
		</font>
		<font>
			<name>font30</name>
			<filename>LibreBaskerville-Regular.ttf</filename>
			<size>45</size>
		</font>
		<font>
			<name>fontContextMenu</name>
			<filename>LibreBaskerville-Regular.ttf</filename>
			<size>27</size>
		</font>
		<!-- Title Fonts -->
		<font>
			<name>font10_title</name>
			<filename>LibreBaskerville-Bold.ttf</filename>
			<size>18</size>
		</font>
		<font>
			<name>font12_title</name>
			<filename>LibreBaskerville-Bold.ttf</filename>
			<size>26</size>
		</font>
		<font>
			<name>font13_title</name>
			<filename>LibreBaskerville-Bold.ttf</filename>
			<size>30</size>
		</font>
		<font>
			<name>font24_title</name>
			<filename>LibreBaskerville-Bold.ttf</filename>
			<size>36</size>
		</font>
		<font>
			<name>font28_title</name>
			<filename>LibreBaskerville-Bold.ttf</filename>
			<size>42</size>
		</font>
		<font>
			<name>font30_title</name>
			<filename>LibreBaskerville-Bold.ttf</filename>
			<size>45</size>
		</font>
		<font>
			<name>font35_title</name>
			<filename>LibreBaskerville-Bold.ttf</filename>
			<size>52</size>
		</font>
		<font>
			<name>font_MainMenu</name>
			<filename>LibreBaskerville-Bold.ttf</filename>
			<size>40</size>
		</font>
		<font>
			<name>WeatherTemp</name>
			<filename>LibreBaskerville-Bold.ttf</filename>
			<size>120</size>
		</font>
	</fontset>
	<fontset id="RobotoBold" idloc="31393">
		<!--Unity Fonts-->
		<font>
			<name>info.title</name>
			<filename>Roboto-Regular.ttf</filename>
			<size>48</size>
			<linespacing>0.9</linespacing>
		</font>
		<font>
			<name>main.menu</name>
			<filename>Roboto-Regular.ttf</filename>
			<size>40</size>
			<linespacing>0.9</linespacing>
			<style>uppercase</style>
		</font>
		<font>
			<name>main.menu2</name>
			<filename>Roboto-Regular.ttf</filename>
			<size>40</size>
			<linespacing>0.9</linespacing>
			<style>uppercase</style>
		</font>
		<font>
			<name>breadcrumb</name>
			<filename>Roboto-Regular.ttf</filename>
			<size>30</size>
			<linespacing>0.9</linespacing>
		</font>
		<font>
			<name>breadcrumb.secondary</name>
			<filename>Roboto-Bold.ttf</filename>
			<size>20</size>
			<style>uppercase</style>
		</font>
		<font>
			<name>breadcrumb.tertiary</name>
			<filename>Roboto-Bold.ttf</filename>
			<size>18</size>
			<style>uppercase</style>
		</font>
		<font>
			<name>label</name>
			<filename>Roboto-Regular.ttf</filename>
			<size>28</size>
			<linespacing>1</linespacing>
		</font>
		<font>
			<name>secondary.info</name>
			<filename>Roboto-Black.ttf</filename>
			<size>22</size>
		</font>
		<font>
			<name>secondary.info.light</name>
			<filename>Roboto-Bold.ttf</filename>
			<size>22</size>
		</font>
		<font>
			<name>secondary.info.small</name>
			<filename>Roboto-Bold.ttf</filename>
			<size>20</size>
		</font>
		<font>
			<name>secondary.info.big</name>
			<filename>Roboto-Bold.ttf</filename>
			<size>25</size>
		</font>
		<font>
			<name>menu.title</name>
			<filename>Roboto-Regular.ttf</filename>
			<size>40</size>
			<linespacing>0.9</linespacing>
		</font>
		<font>
			<name>channel</name>
			<filename>Roboto-Black.ttf</filename>
			<size>28</size>
			<linespacing>0.9</linespacing>
		</font>
		<font>
			<name>button</name>
			<filename>Roboto-Regular.ttf</filename>
			<size>24</size>
		</font>
		<font>
			<name>button.bold</name>
			<filename>Roboto-Black.ttf</filename>
			<size>24</size>
		</font>
		<font>
			<name>kai.primary</name>
			<filename>Roboto-Medium.ttf</filename>
			<size>24</size>
		</font>
		<font>
			<name>kai.secondary</name>
			<filename>Roboto-Bold.ttf</filename>
			<size>20</size>
		</font>
		<!-- Normal Fonts -->
		<font>
			<name>font10</name>
			<filename>Roboto-Bold.ttf</filename>
			<size>21</size>
		</font>
		<font>
			<name>font12</name>
			<filename>Roboto-Bold.ttf</filename>
			<size>26</size>
		</font>
		<font>
			<name>font13</name>
			<filename>Roboto-Bold.ttf</filename>
			<size>30</size>
		</font>
		<font>
			<name>font14</name>
			<filename>Roboto-Bold.ttf</filename>
			<size>33</size>
		</font>
		<font>
			<name>font16</name>
			<filename>Roboto-Bold.ttf</filename>
			<size>38</size>
		</font>
		<font>
			<name>font30</name>
			<filename>Roboto-Bold.ttf</filename>
			<size>45</size>
		</font>
		<font>
			<name>fontContextMenu</name>
			<filename>Roboto-Bold.ttf</filename>
			<size>27</size>
		</font>
		<!-- Title Fonts -->
		<font>
			<name>font10_title</name>
			<filename>Roboto-Black.ttf</filename>
			<size>18</size>
		</font>
		<font>
			<name>font12_title</name>
			<filename>Roboto-Black.ttf</filename>
			<size>26</size>
		</font>
		<font>
			<name>font13_title</name>
			<filename>Roboto-Black.ttf</filename>
			<size>30</size>
		</font>
		<font>
			<name>font24_title</name>
			<filename>Roboto-Black.ttf</filename>
			<size>36</size>
		</font>
		<font>
			<name>font28_title</name>
			<filename>Roboto-Black.ttf</filename>
			<size>42</size>
		</font>
		<font>
			<name>font30_title</name>
			<filename>Roboto-Black.ttf</filename>
			<size>45</size>
		</font>
		<font>
			<name>font35_title</name>
			<filename>Roboto-Black.ttf</filename>
			<size>52</size>
		</font>
		<font>
			<name>font_MainMenu</name>
			<filename>Roboto-Black.ttf</filename>
			<size>60</size>
		</font>
		<font>
			<name>WeatherTemp</name>
			<filename>Roboto-Black.ttf</filename>
			<size>120</size>
		</font>
	</fontset>
	<fontset id="RobotoBlack" idloc="31394">
		<!--Unity Fonts-->
		<font>
			<name>info.title</name>
			<filename>Roboto-Black.ttf</filename>
			<size>48</size>
			<linespacing>0.9</linespacing>
		</font>
		<font>
			<name>main.menu</name>
			<filename>Roboto-Black.ttf</filename>
			<size>40</size>
			<linespacing>0.9</linespacing>
			<style>uppercase</style>
		</font>
		<font>
			<name>main.menu2</name>
			<filename>Roboto-Black.ttf</filename>
			<size>40</size>
			<linespacing>0.9</linespacing>
			<style>uppercase</style>
		</font>
		<font>
			<name>breadcrumb</name>
			<filename>Roboto-Black.ttf</filename>
			<size>30</size>
			<linespacing>0.9</linespacing>
		</font>
		<font>
			<name>breadcrumb.secondary</name>
			<filename>Roboto-Black.ttf</filename>
			<size>20</size>
			<style>uppercase</style>
		</font>
		<font>
			<name>breadcrumb.tertiary</name>
			<filename>Roboto-Black.ttf</filename>
			<size>18</size>
			<style>uppercase</style>
		</font>
		<font>
			<name>label</name>
			<filename>Roboto-Black.ttf</filename>
			<size>28</size>
			<linespacing>1</linespacing>
		</font>
		<font>
			<name>secondary.info</name>
			<filename>Roboto-Black.ttf</filename>
			<size>22</size>
		</font>
		<font>
			<name>secondary.info.light</name>
			<filename>Roboto-Black.ttf</filename>
			<size>22</size>
		</font>
		<font>
			<name>secondary.info.small</name>
			<filename>Roboto-Black.ttf</filename>
			<size>20</size>
		</font>
		<font>
			<name>secondary.info.big</name>
			<filename>Roboto-Black.ttf</filename>
			<size>25</size>
		</font>
		<font>
			<name>menu.title</name>
			<filename>Roboto-Black.ttf</filename>
			<size>40</size>
			<linespacing>0.9</linespacing>
		</font>
		<font>
			<name>channel</name>
			<filename>Roboto-Black.ttf</filename>
			<size>28</size>
			<linespacing>0.9</linespacing>
		</font>
		<font>
			<name>button</name>
			<filename>Roboto-Black.ttf</filename>
			<size>24</size>
		</font>
		<font>
			<name>button.bold</name>
			<filename>Roboto-Black.ttf</filename>
			<size>24</size>
		</font>
		<font>
			<name>kai.primary</name>
			<filename>Roboto-Black.ttf</filename>
			<size>24</size>
		</font>
		<font>
			<name>kai.secondary</name>
			<filename>Roboto-Black.ttf</filename>
			<size>20</size>
		</font>
		<!-- Normal Fonts -->
		<font>
			<name>font10</name>
			<filename>Roboto-Black.ttf</filename>
			<size>21</size>
		</font>
		<font>
			<name>font12</name>
			<filename>Roboto-Black.ttf</filename>
			<size>26</size>
		</font>
		<font>
			<name>font13</name>
			<filename>Roboto-Black.ttf</filename>
			<size>30</size>
		</font>
		<font>
			<name>font14</name>
			<filename>Roboto-Black.ttf</filename>
			<size>33</size>
		</font>
		<font>
			<name>font16</name>
			<filename>Roboto-Black.ttf</filename>
			<size>38</size>
		</font>
		<font>
			<name>font30</name>
			<filename>Roboto-Black.ttf</filename>
			<size>45</size>
		</font>
		<font>
			<name>fontContextMenu</name>
			<filename>Roboto-Black.ttf</filename>
			<size>27</size>
		</font>
		<!-- Title Fonts -->
		<font>
			<name>font10_title</name>
			<filename>Roboto-Black.ttf</filename>
			<size>18</size>
		</font>
		<font>
			<name>font12_title</name>
			<filename>Roboto-Black.ttf</filename>
			<size>26</size>
		</font>
		<font>
			<name>font13_title</name>
			<filename>Roboto-Black.ttf</filename>
			<size>30</size>
		</font>
		<font>
			<name>font24_title</name>
			<filename>Roboto-Black.ttf</filename>
			<size>36</size>
		</font>
		<font>
			<name>font28_title</name>
			<filename>Roboto-Black.ttf</filename>
			<size>42</size>
		</font>
		<font>
			<name>font30_title</name>
			<filename>Roboto-Black.ttf</filename>
			<size>45</size>
		</font>
		<font>
			<name>font35_title</name>
			<filename>Roboto-Black.ttf</filename>
			<size>52</size>
		</font>
		<font>
			<name>font_MainMenu</name>
			<filename>Roboto-Black.ttf</filename>
			<size>60</size>
		</font>
		<font>
			<name>WeatherTemp</name>
			<filename>Roboto-Black.ttf</filename>
			<size>120</size>
		</font>
	</fontset>
	<fontset id="DefaultNoCaps" idloc="31391">
		<!-- Normal Fonts -->
		<font>
			<name>font10</name>
			<filename>Roboto-Regular.ttf</filename>
			<size>21</size>
		</font>
		<font>
			<name>font12</name>
			<filename>Roboto-Regular.ttf</filename>
			<size>26</size>
		</font>
		<font>
			<name>font13</name>
			<filename>Roboto-Regular.ttf</filename>
			<size>30</size>
		</font>
		<font>
			<name>font14</name>
			<filename>Roboto-Regular.ttf</filename>
			<size>33</size>
		</font>
		<font>
			<name>font16</name>
			<filename>Roboto-Regular.ttf</filename>
			<size>38</size>
		</font>
		<font>
			<name>font30</name>
			<filename>Roboto-Regular.ttf</filename>
			<size>45</size>
		</font>
		<font>
			<name>fontContextMenu</name>
			<filename>Roboto-Regular.ttf</filename>
			<size>27</size>
		</font>
		<!-- Title Fonts -->
		<font>
			<name>font10_title</name>
			<filename>Roboto-Bold.ttf</filename>
			<size>18</size>
		</font>
		<font>
			<name>font12_title</name>
			<filename>Roboto-Bold.ttf</filename>
			<size>26</size>
		</font>
		<font>
			<name>font13_title</name>
			<filename>Roboto-Bold.ttf</filename>
			<size>30</size>
		</font>
		<font>
			<name>font24_title</name>
			<filename>Roboto-Bold.ttf</filename>
			<size>36</size>
		</font>
		<font>
			<name>font28_title</name>
			<filename>Roboto-Bold.ttf</filename>
			<size>42</size>
		</font>
		<font>
			<name>font30_title</name>
			<filename>Roboto-Bold.ttf</filename>
			<size>45</size>
		</font>
		<font>
			<name>font35_title</name>
			<filename>Roboto-Bold.ttf</filename>
			<size>52</size>
		</font>
		<font>
			<name>font_MainMenu</name>
			<filename>Roboto-Bold.ttf</filename>
			<size>60</size>
		</font>
		<font>
			<name>WeatherTemp</name>
			<filename>Roboto-Bold.ttf</filename>
			<size>120</size>
		</font>
	</fontset>
	<fontset id="Arial" idloc="31392">
		<!--Unity Fonts-->
		<font>
			<name>info.title</name>
			<filename>arial.ttf</filename>
			<size>48</size>
			<linespacing>0.9</linespacing>
		</font>
		<font>
			<name>main.menu</name>
			<filename>arial.ttf</filename>
			<size>40</size>
			<linespacing>0.9</linespacing>
			<style>uppercase</style>
		</font>
		<font>
			<name>main.menu2</name>
			<filename>arial.ttf</filename>
			<size>40</size>
			<linespacing>0.9</linespacing>
			<style>uppercase</style>
		</font>
		<font>
			<name>breadcrumb</name>
			<filename>arial.ttf</filename>
			<size>30</size>
			<linespacing>0.9</linespacing>
		</font>
		<font>
			<name>breadcrumb.secondary</name>
			<filename>arial.ttf</filename>
			<size>20</size>
			<style>uppercase</style>
		</font>
		<font>
			<name>breadcrumb.tertiary</name>
			<filename>arial.ttf</filename>
			<size>18</size>
			<style>uppercase</style>
		</font>
		<font>
			<name>label</name>
			<filename>arial.ttf</filename>
			<size>28</size>
			<linespacing>1</linespacing>
		</font>
		<font>
			<name>secondary.info</name>
			<filename>arial.ttf</filename>
			<size>22</size>
		</font>
		<font>
			<name>secondary.info.light</name>
			<filename>arial.ttf</filename>
			<size>22</size>
		</font>
		<font>
			<name>secondary.info.small</name>
			<filename>arial.ttf</filename>
			<size>20</size>
		</font>
		<font>
			<name>secondary.info.big</name>
			<filename>arial.ttf</filename>
			<size>25</size>
		</font>
		<font>
			<name>menu.title</name>
			<filename>arial.ttf</filename>
			<size>40</size>
			<linespacing>0.9</linespacing>
		</font>
		<font>
			<name>channel</name>
			<filename>arial.ttf</filename>
			<size>28</size>
			<linespacing>0.9</linespacing>
		</font>
		<font>
			<name>button</name>
			<filename>arial.ttf</filename>
			<size>24</size>
		</font>
		<font>
			<name>button.bold</name>
			<filename>arial.ttf</filename>
			<size>24</size>
		</font>
		<font>
			<name>kai.primary</name>
			<filename>arial.ttf</filename>
			<size>24</size>
		</font>
		<font>
			<name>kai.secondary</name>
			<filename>arial.ttf</filename>
			<size>20</size>
		</font>
		<!-- Arial Font better for non English -->
		<font>
			<name>font10</name>
			<filename>arial.ttf</filename>
			<size>18</size>
		</font>
		<font>
			<name>font12</name>
			<filename>arial.ttf</filename>
			<size>22</size>
		</font>
		<font>
			<name>font13</name>
			<filename>arial.ttf</filename>
			<size>27</size>
		</font>
		<font>
			<name>font14</name>
			<filename>arial.ttf</filename>
			<size>30</size>
		</font>
		<font>
			<name>font16</name>
			<filename>arial.ttf</filename>
			<size>34</size>
		</font>
		<font>
			<name>font30</name>
			<filename>arial.ttf</filename>
			<size>42</size>
		</font>
		<font>
			<name>fontContextMenu</name>
			<filename>arial.ttf</filename>
			<size>24</size>
		</font>
		<!-- Title Fonts -->
		<font>
			<name>font10_title</name>
			<filename>arial.ttf</filename>
			<size>15</size>
			<style>bold</style>
		</font>
		<font>
			<name>font12_title</name>
			<filename>arial.ttf</filename>
			<size>22</size>
			<style>bold</style>
		</font>
		<font>
			<name>font13_title</name>
			<filename>arial.ttf</filename>
			<size>27</size>
			<style>bold</style>
		</font>
		<font>
			<name>font24_title</name>
			<filename>arial.ttf</filename>
			<size>33</size>
			<style>bold</style>
		</font>
		<font>
			<name>font28_title</name>
			<filename>arial.ttf</filename>
			<size>39</size>
			<style>bold</style>
		</font>
		<font>
			<name>font30_title</name>
			<filename>arial.ttf</filename>
			<size>42</size>
			<style>bold</style>
		</font>
		<font>
			<name>font35_title</name>
			<filename>arial.ttf</filename>
			<size>50</size>
			<style>bold</style>
		</font>
		<font>
			<name>font_MainMenu</name>
			<filename>arial.ttf</filename>
			<size>52</size>
			<style>bold</style>
		</font>
		<font>
			<name>WeatherTemp</name>
			<filename>arial.ttf</filename>
			<size>120</size>
			<style>bold</style>
		</font>
	</fontset>
</fonts>