<?xml version="1.0" encoding="UTF-8"?>
<includes>
	<variable name="PVRBreadcrumb1">
		<value condition="String.IsEmpty(Window.Property(IsRadio))">$LOCALIZE[19020]</value>
		<value>$LOCALIZE[19021]</value>
	</variable>
	<variable name="PVRBreadcrumb2">
		<value condition="Window.IsActive(MyPVRChannels.xml)">$LOCALIZE[19019]</value>
		<value condition="Window.IsActive(MyPVRGuide.xml)">$LOCALIZE[22020]</value>
		<value condition="Window.IsActive(MyPVRRecordings.xml)">$LOCALIZE[19017]</value>
		<value condition="Window.IsActive(TVTimerRules) | Window.IsActive(RadioTimerRules)">$LOCALIZE[19138]</value>
		<value condition="Window.IsActive(TVTimers) | Window.IsActive(RadioTimers)">$LOCALIZE[19040]</value>
		<value condition="Window.IsActive(MyPVRSearch.xml)">$LOCALIZE[137]</value>
	</variable>
	<variable name="PVRBreadcrumb3">
		<value condition="!String.IsEmpty(Control.GetLabel(29))">$INFO[Control.GetLabel(29)]</value>
		<value>$INFO[Control.GetLabel(30)]</value>
	</variable>
	<include name="PVRHeader">
		<control type="label" id="29">
			<description>Empty so we can pass the values up one level</description>
			<visible>False</visible>
		</control>
		<control type="label" id="30">
			<description>Empty so we can pass the values up one level</description>
			<visible>False</visible>
		</control>
		<!--breadcrumbs-->
		<include content="DynamicLeftBreadcrumb">
			<param name="breadcrumb1-label" value="$VAR[PVRBreadcrumb1]" />
			<param name="breadcrumb2-label" value="[LOWERCASE]$VAR[PVRBreadcrumb2][/LOWERCASE]" />
			<param name="breadcrumb2-visible" value="true" />
			<param name="breadcrumb3-label" value="$VAR[PVRBreadcrumb3]" />
			<param name="breadcrumb3-visible" value="true" />
			<param name="breadcrumb4-label" value="[LOWERCASE]$INFO[Control.GetLabel(30)][/LOWERCASE]" />
			<param name="breadcrumb4-visible" value="!String.IsEmpty(Control.GetLabel(29))" />
		</include>
		<include content="DynamicLeftBreadcrumb">
			<param name="breadcrumb-top" value="110" />
			<param name="breadcrumb-height" value="34" />
			<param name="breadcrumb-font" value="breadcrumb.secondary" />
			<param name="breadcrumb1-label" value="$LOCALIZE[31062]" />
			<param name="breadcrumb2-label" value="$INFO[Container.SortMethod]" />
			<param name="breadcrumb2-visible" value="true" />
		</include>
	</include>
	<include name="PVRSideBlade">
		<control type="group">
			<left>-383</left>
			<include>SideBladeLeft</include>
			<control type="group">
				<top>100</top>
				<bottom>0</bottom>
				<control type="grouplist" id="9000">
					<left>10</left>
					<width>375</width>
					<height>100%</height>
					<onleft>9000</onleft>
					<onright>50</onright>
					<onup>9000</onup>
					<ondown>9000</ondown>
					<itemgap>0</itemgap>
					<control type="button" id="100">
						<description>Channels</description>
						<left>0</left>
						<top>0</top>
						<textwidth>352</textwidth>
						<include>ButtonCommonValues</include>
						<label>19019</label>
						<onclick condition="Window.IsActive(TVChannels) | Window.IsActive(RadioChannels)">NextChannelGroup</onclick>
						<onclick condition="String.IsEmpty(Window.Property(IsRadio))">ActivateWindow(TVChannels)</onclick>
						<onclick condition="!String.IsEmpty(Window.Property(IsRadio))">ActivateWindow(RadioChannels)</onclick>
					</control>
					<control type="button" id="101">
						<description>TV Guide</description>
						<left>0</left>
						<top>120</top>
						<textwidth>352</textwidth>
						<include>ButtonCommonValues</include>
						<label>22020</label>
						<onclick condition="Window.IsActive(TVGuide) | Window.IsActive(RadioGuide)">NextChannelGroup</onclick>
						<onclick condition="String.IsEmpty(Window.Property(IsRadio))">ActivateWindow(TVGuide)</onclick>
						<onclick condition="!String.IsEmpty(Window.Property(IsRadio))">ActivateWindow(RadioGuide)</onclick>
					</control>
					<!--control type="button" id="104">
						<description>Search</description>
						<left>0</left>
						<top>360</top>
						<textwidth>352</textwidth>
						<include>ButtonCommonValues</include>
						<label>137</label>
						<onclick condition="String.IsEmpty(Window.Property(IsRadio))">ActivateWindow(TVSearch)</onclick>
						<onclick condition="!String.IsEmpty(Window.Property(IsRadio))">ActivateWindow(RadioSearch)</onclick>
					</control-->
					<control type="button" id="28">
						<description>Channel Groups</description>
						<left>0</left>
						<right>60</right>
						<textwidth>352</textwidth>
						<include>ButtonCommonValues</include>
						<label></label>
					</control>
					<control type="button" id="2">
						<description>View As button</description>
						<left>0</left>
						<right>60</right>
						<textwidth>352</textwidth>
						<include>ButtonCommonValues</include>
						<label></label>
						<visible>Window.IsActive(MyPVRGuide.xml)</visible>
					</control>
					<control type="button" id="3">
						<description>Sort by button</description>
						<include>ButtonCommonValues</include>
						<label>103</label>
					</control>
					<control type="togglebutton" id="4">
						<description>Sort asc</description>
						<include>ButtonCommonValues</include>
						<label>31051</label>
						<altlabel>31050</altlabel>
						<usealttexture>Container.SortDirection(Ascending)</usealttexture>
					</control>
					<control type="radiobutton" id="31">
						<description>Filter</description>
						<left>0</left>
						<right>60</right>
						<textwidth>352</textwidth>
						<include>ButtonCommonValues</include>
						<label>587</label>
						<selected>Container.Filtered</selected>
						<onclick>right</onclick>
						<visible>Window.IsActive(MyPVRChannels.xml)</visible>
					</control>
					<control type="button" id="10">
						<description>Watched Toggle</description>
						<include>ButtonCommonValues</include>
						<label>$LOCALIZE[20367]</label>
						<label2>[B]$INFO[Container.NumNonFolderItems][/B]</label2>
						<visible>Window.IsActive(MyPVRRecordings.xml)</visible>
					</control>
					<control type="radiobutton" id="5">
						<description>Group recording items by folder structure</description>
						<left>0</left>
						<right>60</right>
						<textwidth>352</textwidth>
						<include>ButtonCommonValues</include>
						<label>19270</label>
						<visible>Window.IsActive(MyPVRRecordings.xml)</visible>
					</control>
					<control type="radiobutton" id="6">
						<description>Show hidden channels</description>
						<left>0</left>
						<right>60</right>
						<textwidth>352</textwidth>
						<include>ButtonCommonValues</include>
						<label>19051</label>
						<visible>Window.IsActive(MyPVRChannels.xml)</visible>
					</control>
					<control type="radiobutton" id="7">
						<description>Show deleted recordings</description>
						<left>0</left>
						<right>60</right>
						<textwidth>352</textwidth>
						<include>ButtonCommonValues</include>
						<label>19184</label>
						<visible>Window.IsActive(MyPVRRecordings.xml)</visible>
					</control>
					<control type="radiobutton" id="8">
						<description>Hide disabled timers</description>
						<textwidth>235</textwidth>
						<include>ButtonCommonValues</include>
						<label>19077</label>
						<visible>Window.IsActive(MyPVRTimers.xml)</visible>
					</control>
					
				</control>
			</control>
		</control>
	</include>
	<include name="PVRChannelNumberInput">
		<control type="label">
			<left>0</left>
			<top>0</top>
			<width>100%</width>
			<height>100%</height>
			<label>$INFO[PVR.ChannelNumberInput]</label>
			<align>center</align>
			<font>WeatherTemp</font>
			<aligny>center</aligny>
			<textcolor>white</textcolor>
			<shadowcolor>black</shadowcolor>
			<visible>!String.IsEmpty(PVR.ChannelNumberInput)</visible>
		</control>
	</include>
</includes>
