<?xml version="1.0" encoding="UTF-8"?>
<window type="dialog">
	<defaultcontrol always="true">100</defaultcontrol>
	<visible>Player.HasMedia + Window.IsActive(PlayerControls) + !Window.IsActive(FullscreenVideo) + !Window.IsActive(Visualisation)</visible>
	<animation type="WindowOpen">
		<effect type="slide" start="0,665" end="0,0" time="300" tween="quadratic" easing="out" />
	</animation>
	<animation type="WindowClose">
		<effect type="slide" start="0,0" end="0,-765" time="300" tween="quadratic" easing="out" />
	</animation>
	<controls>
		<!--all content-->
		<control type="group">
			<centertop>50%</centertop>
			<height>310</height>
			<!--title bars and backgrounds-->
			<include content="DynamicDialogBackground">
				<param name="dialog-height" value="310" />
				<param name="glow-height" value="360" />
				<param name="title-height" value="40" />
				<param name="buttonbar-visible" value="true" />
				<param name="buttonbar-height" value="70" />
			</include>
			<!--close button-->
			<control type="button">
				<description>Close Window button</description>
				<left>5</left>
				<width>50</width>
				<height>25</height>
				<label></label>
				<font></font>
				<onclick>PreviousMenu</onclick>
				<texturefocus>DialogCloseButton-focus.png</texturefocus>
				<texturenofocus>DialogCloseButton.png</texturenofocus>
				<onleft>10</onleft>
				<onright>10</onright>
				<onup>10</onup>
				<ondown>10</ondown>
				<visible>system.getbool(input.enablemouse)</visible>
			</control>
			<control type="group" id="100">
				<centerleft>50%</centerleft>
				<top>255</top>
				<width>790</width>
				<defaultcontrol always="true">603</defaultcontrol>
				<visible>!VideoPlayer.Content(LiveTV)</visible>
				<control type="button" id="600">
					<left>0</left>
					<top>0</top>
					<width>40</width>
					<height>40</height>
					<label></label>
					<texturefocus colordiffuse="$INFO[Skin.String(color.500)]">OSDPrevTrackNF.png</texturefocus>
					<texturenofocus colordiffuse="white">OSDPrevTrackNF.png</texturenofocus>
					<onleft>609</onleft>
					<onright>601</onright>
					<onup>300</onup>
					<ondown>200</ondown>
					<onclick>PlayerControl(Previous)</onclick>
					<visible>!VideoPlayer.Content(LiveTV)</visible>
				</control>
				<control type="button" id="601">
					<left>75</left>
					<top>0</top>
					<width>40</width>
					<height>40</height>
					<label></label>
					<texturefocus colordiffuse="$INFO[Skin.String(color.500)]">OSDRewindNF.png</texturefocus>
					<texturenofocus colordiffuse="white">OSDRewindNF.png</texturenofocus>
					<onleft>600</onleft>
					<onright>603</onright>
					<onup>300</onup>
					<ondown>200</ondown>
					<onclick>PlayerControl(Rewind)</onclick>
					<visible>!VideoPlayer.Content(LiveTV)</visible>
				</control>
				<control type="togglebutton" id="603">
					<left>150</left>
					<top>0</top>
					<width>40</width>
					<height>40</height>
					<label></label>
					<texturefocus colordiffuse="$INFO[Skin.String(color.500)]">OSDPauseNF.png</texturefocus>
					<texturenofocus colordiffuse="white">OSDPauseNF.png</texturenofocus>
					<usealttexture>Player.Paused | Player.Forwarding | Player.Rewinding</usealttexture>
					<alttexturefocus colordiffuse="$INFO[Skin.String(color.500)]">OSDPlayNF.png</alttexturefocus>
					<alttexturenofocus colordiffuse="white">OSDPlayNF.png</alttexturenofocus>
					<onleft>601</onleft>
					<onright>602</onright>
					<onup>300</onup>
					<ondown>200</ondown>
					<onclick>PlayerControl(Play)</onclick>
					<visible>!VideoPlayer.Content(LiveTV)</visible>
				</control>
				<control type="button" id="602">
					<left>225</left>
					<top>0</top>
					<width>40</width>
					<height>40</height>
					<label></label>
					<texturefocus colordiffuse="$INFO[Skin.String(color.500)]">OSDStopNF.png</texturefocus>
					<texturenofocus colordiffuse="white">OSDStopNF.png</texturenofocus>
					<onleft>603</onleft>
					<onright>604</onright>
					<onup>300</onup>
					<ondown>200</ondown>
					<onclick>down</onclick>
					<onclick>PlayerControl(Stop)</onclick>
					<visible>!VideoPlayer.Content(LiveTV)</visible>
				</control>
				<control type="button" id="604">
					<left>300</left>
					<top>0</top>
					<width>40</width>
					<height>40</height>
					<label></label>
					<texturefocus colordiffuse="$INFO[Skin.String(color.500)]">OSDForwardNF.png</texturefocus>
					<texturenofocus colordiffuse="white">OSDForwardNF.png</texturenofocus>
					<onleft>602</onleft>
					<onright>605</onright>
					<onup>300</onup>
					<ondown>200</ondown>
					<onclick>PlayerControl(Forward)</onclick>
					<visible>!VideoPlayer.Content(LiveTV)</visible>
				</control>
				<control type="button" id="605">
					<left>375</left>
					<top>0</top>
					<width>40</width>
					<height>40</height>
					<label></label>
					<texturefocus colordiffuse="$INFO[Skin.String(color.500)]">OSDNextTrackNF.png</texturefocus>
					<texturenofocus colordiffuse="white">OSDNextTrackNF.png</texturenofocus>
					<onleft>604</onleft>
					<onright>606</onright>
					<onup>300</onup>
					<ondown>200</ondown>
					<onclick>PlayerControl(Next)</onclick>
					<visible>!VideoPlayer.Content(LiveTV)</visible>
				</control>
				<control type="button" id="606">
					<left>450</left>
					<top>0</top>
					<width>40</width>
					<height>40</height>
					<label></label>
					<texturefocus colordiffuse="$INFO[Skin.String(color.500)]">OSDRecordOffNF.png</texturefocus>
					<texturenofocus colordiffuse="white">OSDRecordOffNF.png</texturenofocus>
					<onleft>605</onleft>
					<onright>607</onright>
					<onup>300</onup>
					<ondown>200</ondown>
					<onclick>PVR.ToggleRecordPlayingChannel</onclick>
					<enable>PVR.CanRecordPlayingChannel</enable>
					<animation effect="fade" start="100" end="30" time="100" condition="!PVR.CanRecordPlayingChannel">Conditional</animation>
					<visible>!VideoPlayer.Content(LiveTV)</visible>
				</control>
				<control type="group">
					<animation effect="slide" start="0,0" end="60,0" time="0" condition="!Player.HasAudio">Conditional</animation>
					<control type="button" id="607">
						<left>600</left>
						<top>-5</top>
						<width>50</width>
						<height>50</height>
						<label></label>
						<texturefocus></texturefocus>
						<texturenofocus></texturenofocus>
						<onclick>PlayerControl(Repeat)</onclick>
						<onleft>606</onleft>
						<onright>608</onright>
						<onup>100</onup>
						<ondown>100</ondown>
						<visible>!VideoPlayer.Content(LiveTV)</visible>
					</control>
					<control type="image">
						<left>600</left>
						<top>-5</top>
						<width>50</width>
						<height>50</height>
						<texture colordiffuse="white">OSDRepeatNF.png</texture>
						<visible>!Playlist.IsRepeat + !Playlist.IsRepeatOne</visible>
						<visible>!Control.HasFocus(607)</visible>
						<visible>!VideoPlayer.Content(LiveTV)</visible>
					</control>
					<control type="image">
						<left>600</left>
						<top>-5</top>
						<width>50</width>
						<height>50</height>
						<texture colordiffuse="$INFO[Skin.String(color.500)]">OSDRepeatNF.png</texture>
						<visible>!Playlist.IsRepeat + !Playlist.IsRepeatOne</visible>
						<visible>Control.HasFocus(607)</visible>
						<visible>!VideoPlayer.Content(LiveTV)</visible>
					</control>
					<control type="image">
						<left>600</left>
						<top>-5</top>
						<width>50</width>
						<height>50</height>
						<texture colordiffuse="white">OSDRepeatOneNF.png</texture>
						<visible>Playlist.IsRepeatOne</visible>
						<visible>!Control.HasFocus(607)</visible>
						<visible>!VideoPlayer.Content(LiveTV)</visible>
					</control>
					<control type="image">
						<left>600</left>
						<top>-5</top>
						<width>50</width>
						<height>50</height>
						<texture colordiffuse="$INFO[Skin.String(color.500)]">OSDRepeatOneNF.png</texture>
						<visible>Playlist.IsRepeatOne</visible>
						<visible>Control.HasFocus(607)</visible>
						<visible>!VideoPlayer.Content(LiveTV)</visible>
					</control>
					<control type="image">
						<left>600</left>
						<top>-5</top>
						<width>50</width>
						<height>50</height>
						<texture colordiffuse="white">OSDRepeatAllNF.png</texture>
						<visible>Playlist.IsRepeat</visible>
						<visible>!Control.HasFocus(607)</visible>
						<visible>!VideoPlayer.Content(LiveTV)</visible>
					</control>
					<control type="image">
						<left>600</left>
						<top>-5</top>
						<width>50</width>
						<height>50</height>
						<texture colordiffuse="$INFO[Skin.String(color.500)]">OSDRepeatAllNF.png</texture>
						<visible>Playlist.IsRepeat</visible>
						<visible>Control.HasFocus(607)</visible>
						<visible>!VideoPlayer.Content(LiveTV)</visible>
					</control>
					<control type="togglebutton" id="608">
						<left>675</left>
						<top>-5</top>
						<width>50</width>
						<height>50</height>
						<label></label>
						<texturefocus colordiffuse="$INFO[Skin.String(color.500)]">OSDRandomOffNF.png</texturefocus>
						<texturenofocus colordiffuse="white">OSDRandomOffNF.png</texturenofocus>
						<usealttexture>Playlist.IsRandom</usealttexture>
						<alttexturefocus colordiffuse="$INFO[Skin.String(color.500)]">OSDRandomOnNF.png</alttexturefocus>
						<alttexturenofocus colordiffuse="white">OSDRandomOnNF.png</alttexturenofocus>
						<onclick>PlayerControl(Random)</onclick>
						<onleft>607</onleft>
						<onright>609</onright>
						<onup>100</onup>
						<ondown>100</ondown>
						<visible>!VideoPlayer.Content(LiveTV)</visible>
					</control>
					<control type="togglebutton" id="609">
						<left>750</left>
						<top>0</top>
						<width>40</width>
						<height>40</height>
						<label>31128</label>
						<font></font>
						<texturefocus colordiffuse="$INFO[Skin.String(color.500)]">OSDLyricsNF.png</texturefocus>
						<texturenofocus colordiffuse="white">OSDLyricsNF.png</texturenofocus>
						<alttexturefocus colordiffuse="$INFO[Skin.String(color.500)]">OSDLyricsNF.png</alttexturefocus>
						<alttexturenofocus colordiffuse="white">OSDLyricsNF.png</alttexturenofocus>
						<onleft>608</onleft>
						<onright>600</onright>
						<onup>100</onup>
						<ondown>100</ondown>
						<onclick>Close</onclick>
						<onclick>RunScript($INFO[Skin.String(LyricScript_Path)])</onclick>
						<altclick>Skin.SetAddon(LyricScript_Path,xbmc.python.lyrics)</altclick>
						<altclick>Close</altclick>
						<altclick>RunScript($INFO[Skin.String(LyricScript_Path)])</altclick>
						<usealttexture>String.IsEmpty(Skin.String(LyricScript_Path))</usealttexture>
						<visible>Player.HasAudio</visible>
						<visible>!VideoPlayer.Content(LiveTV)</visible>
					</control>
				</control>
			</control>
			<control type="group" id="100">
				<centerleft>50%</centerleft>
				<top>670</top>
				<width>565</width>
				<defaultcontrol always="true">700</defaultcontrol>
				<visible>VideoPlayer.Content(LiveTV)</visible>
				<control type="button" id="701">
					<left>0</left>
					<top>0</top>
					<width>40</width>
					<height>40</height>
					<label></label>
					<texturefocus colordiffuse="$INFO[Skin.String(color.500)]">OSDRewindNF.png</texturefocus>
					<texturenofocus colordiffuse="white">OSDRewindNF.png</texturenofocus>
					<onleft>706</onleft>
					<onright>702</onright>
					<onup>300</onup>
					<ondown>200</ondown>
					<onclick>PlayerControl(Rewind)</onclick>
					<visible>VideoPlayer.Content(LiveTV)</visible>
					<enable>Player.SeekEnabled</enable>
					<animation effect="fade" start="100" end="50" time="100" condition="true">Conditional</animation>
				</control>
				<control type="button" id="702">
					<left>75</left>
					<top>0</top>
					<width>40</width>
					<height>40</height>
					<label></label>
					<texturefocus colordiffuse="$INFO[Skin.String(color.500)]">OSDStopNF.png</texturefocus>
					<texturenofocus colordiffuse="white">OSDStopNF.png</texturenofocus>
					<onleft>701</onleft>
					<onright>703</onright>
					<onup>300</onup>
					<ondown>200</ondown>
					<onclick>down</onclick>
					<onclick>PlayerControl(Stop)</onclick>
					<visible>VideoPlayer.Content(LiveTV)</visible>
				</control>
				<control type="togglebutton" id="703">
					<left>150</left>
					<top>0</top>
					<width>40</width>
					<height>40</height>
					<label></label>
					<texturefocus colordiffuse="$INFO[Skin.String(color.500)]">OSDPauseNF.png</texturefocus>
					<texturenofocus colordiffuse="white">OSDPauseNF.png</texturenofocus>
					<usealttexture>Player.Paused | Player.Forwarding | Player.Rewinding</usealttexture>
					<alttexturefocus colordiffuse="$INFO[Skin.String(color.500)]">OSDPlayNF.png</alttexturefocus>
					<alttexturenofocus colordiffuse="white">OSDPlayNF.png</alttexturenofocus>
					<onleft>702</onleft>
					<onright>704</onright>
					<onup>300</onup>
					<ondown>200</ondown>
					<onclick>PlayerControl(Play)</onclick>
					<visible>VideoPlayer.Content(LiveTV)</visible>
					<enable>false</enable>
					<enable>Player.PauseEnabled</enable>
					<animation effect="fade" start="100" end="50" time="100" condition="true">Conditional</animation>
				</control>
				<control type="button" id="704">
					<left>225</left>
					<top>0</top>
					<width>40</width>
					<height>40</height>
					<label></label>
					<texturefocus colordiffuse="$INFO[Skin.String(color.500)]">OSDForwardNF.png</texturefocus>
					<texturenofocus colordiffuse="white">OSDForwardNF.png</texturenofocus>
					<onleft>703</onleft>
					<onright>700</onright>
					<onup>300</onup>
					<ondown>200</ondown>
					<onclick>PlayerControl(Forward)</onclick>
					<visible>VideoPlayer.Content(LiveTV)</visible>
					<enable>Player.SeekEnabled</enable>
					<animation effect="fade" start="100" end="50" time="100" condition="true">Conditional</animation>
				</control>
				<control type="button" id="700">
					<left>375</left>
					<top>0</top>
					<width>40</width>
					<height>40</height>
					<label></label>
					<texturefocus colordiffuse="$INFO[Skin.String(color.500)]">OSDChannelUPNF.png</texturefocus>
					<texturenofocus colordiffuse="white">OSDChannelUPNF.png</texturenofocus>
					<onleft>704</onleft>
					<onright>705</onright>
					<onup>300</onup>
					<ondown>200</ondown>
					<onclick>ChannelDown</onclick>
					<visible>VideoPlayer.Content(LiveTV)</visible>
				</control>
				<control type="button" id="705">
					<left>450</left>
					<top>0</top>
					<width>40</width>
					<height>40</height>
					<label></label>
					<texturefocus colordiffuse="$INFO[Skin.String(color.500)]">OSDChannelDownNF.png</texturefocus>
					<texturenofocus colordiffuse="white">OSDChannelDownNF.png</texturenofocus>
					<onleft>700</onleft>
					<onright>706</onright>
					<onup>300</onup>
					<ondown>200</ondown>
					<onclick>ChannelUp</onclick>
					<visible>VideoPlayer.Content(LiveTV)</visible>
				</control>
				<control type="button" id="706">
					<left>525</left>
					<top>0</top>
					<width>40</width>
					<height>40</height>
					<label></label>
					<texturefocus colordiffuse="$INFO[Skin.String(color.500)]">OSDRecordOffNF.png</texturefocus>
					<texturenofocus colordiffuse="white">OSDRecordOffNF.png</texturenofocus>
					<onleft>705</onleft>
					<onright>701</onright>
					<onup>300</onup>
					<ondown>200</ondown>
					<onclick>PVR.ToggleRecordPlayingChannel</onclick>
					<enable>PVR.CanRecordPlayingChannel</enable>
					<animation effect="fade" start="100" end="30" time="100" condition="!PVR.CanRecordPlayingChannel">Conditional</animation>
					<visible>VideoPlayer.Content(LiveTV)</visible>
				</control>
			</control>
			<!-- Music Info -->
			<control type="group">
				<centerleft>50%</centerleft>
				<top>50</top>
				<width>995</width>
				<visible>Player.HasAudio</visible>
				<include>SmallMusicInfo</include>
			</control>
			<!-- Video Info -->
			<control type="group">
				<centerleft>50%</centerleft>
				<top>50</top>
				<width>995</width>
				<visible>Player.HasVideo</visible>
				<include>SmallVideoInfo</include>
			</control>
		</control>
	</controls>
</window>