<?xml version="1.0" encoding="UTF-8"?>
<includes>
	<include name="AddonInfoListView1">
		<!--all content-->
		<control type="group">
			<visible>Control.IsVisible(550)</visible>
			<include>VisibleFadeEffect</include>
			<!--content list-->
			<control type="list" id="550">
				<left>60</left>
				<top>194</top>
				<width>1135</width>
				<height>700</height>
				<onleft>2</onleft>
				<onright>60</onright>
				<onup>550</onup>
				<ondown>550</ondown>
				<viewtype label="$LOCALIZE[31033]">info</viewtype>
				<pagecontrol>60</pagecontrol>
				<scrolltime>200</scrolltime>
				<visible>Window.IsVisible(AddonBrowser) | Window.IsVisible(Games) | Container.Content(Addons) | String.Contains(Container.FolderPath,plugin.program.advanced.launcher)</visible>
				<itemlayout height="100" width="1115">
					<!--background-->
					<control type="image">
						<left>4</left>
						<top>0</top>
						<width>1115</width>
						<height>90</height>
						<texture colordiffuse="FF2E2E2E">backgrounds/bg_fade_7.png</texture>
				        <bordertexture colordiffuse="$INFO[Skin.String(color.500)]">backgrounds/bg_fade_3.png</bordertexture>
				        <bordersize>2</bordersize>
					</control>
					<!--main label-->
					<control type="label">
						<left>35</left>
						<top>10</top>
						<width>1000</width>
						<height>70</height>
						<font>breadcrumb</font>
						<textcolor>white</textcolor>
						<shadowcolor>black</shadowcolor>
						<align>left</align>
						<aligny>center</aligny>
						<label>$INFO[ListItem.Label]</label>
					</control>
					<!--secondary label (non videos)-->
					<control type="label">
						<left>500</left>
						<top>15</top>
						<width>600</width>
						<height>60</height>
						<font>secondary.info</font>
						<textcolor>white</textcolor>
						<selectedcolor>$INFO[Skin.String(color.500)]</selectedcolor>
						<shadowcolor>black</shadowcolor>
						<align>right</align>
						<aligny>center</aligny>
						<label>$INFO[ListItem.Label2]</label>
						<visible>!Window.IsVisible(Videos)</visible>
					</control>
					<!--secondary label (videos)-->
					<control type="label">
						<left>534</left>
						<top>15</top>
						<width>600</width>
						<height>60</height>
						<font>secondary.info</font>
						<textcolor>white</textcolor>
						<selectedcolor>$INFO[Skin.String(color.500)]</selectedcolor>
						<shadowcolor>black</shadowcolor>
						<align>right</align>
						<aligny>center</aligny>
						<label>$INFO[ListItem.Label2]</label>
						<visible>Window.IsVisible(Videos)</visible>
						<animation effect="slide" start="0,0" end="41,0" delay="0" time="0" condition="![Container.Content(Movies) | Container.Content(Episodes) | Container.Content(MusicVideos)]">conditional</animation>
					</control>
				</itemlayout>
				<focusedlayout height="100" width="1115">
					<!--background-->
					<control type="image">
						<left>4</left>
						<top>0</top>
						<width>1115</width>
						<height>90</height>
						<texture colordiffuse="$INFO[Skin.String(color.500)]">backgrounds/white.png</texture>
						<animation effect="fade" start="100" end="75" time="200" condition="Control.HasFocus(60)">Conditional</animation>
					</control>
					<!--main label-->
					<control type="label">
						<left>35</left>
						<top>10</top>
						<width>1000</width>
						<height>70</height>
						<font>breadcrumb</font>
						<textcolor>white</textcolor>
						<shadowcolor>black</shadowcolor>
						<align>left</align>
						<aligny>center</aligny>
						<label>$INFO[ListItem.Label]</label>
					</control>
					<!--secondary label (non videos)-->
					<control type="label">
						<left>500</left>
						<top>15</top>
						<width>600</width>
						<height>60</height>
						<font>secondary.info</font>
						<textcolor>white</textcolor>
						<selectedcolor>$INFO[Skin.String(color.500)]</selectedcolor>
						<shadowcolor>black</shadowcolor>
						<align>right</align>
						<aligny>center</aligny>
						<label>$INFO[ListItem.Label2]</label>
						<visible>!Window.IsVisible(Videos)</visible>
					</control>
					<!--secondary label (videos)-->
					<control type="label">
						<left>534</left>
						<top>15</top>
						<width>600</width>
						<height>60</height>
						<font>secondary.info</font>
						<textcolor>white</textcolor>
						<selectedcolor>$INFO[Skin.String(color.500)]</selectedcolor>
						<shadowcolor>black</shadowcolor>
						<align>right</align>
						<aligny>center</aligny>
						<label>$INFO[ListItem.Label2]</label>
						<visible>Window.IsVisible(Videos)</visible>
						<animation effect="slide" start="0,0" end="41,0" delay="0" time="0" condition="![Container.Content(Movies) | Container.Content(Episodes) | Container.Content(MusicVideos)]">conditional</animation>
					</control>
				</focusedlayout>
			</control>
			<!--scrollbar-->
			<control type="scrollbar" id="60">
				<left>1188</left>
				<top>194</top>
				<height>690</height>
				<onleft>550</onleft>
				<onright>2</onright>
				<orientation>vertical</orientation>
				<showonepage>true</showonepage>
			</control>
			<!--info-->
			<control type="group">
				<left>1240</left>
				<top>194</top>
				<!--background-->
				<control type="image">
					<left>-38</left>
					<top>0</top>
					<width>652</width>
					<height>690</height>
					<texture colordiffuse="FF0F0F0F">backgrounds/bg_fade_2.png</texture>
					<bordertexture colordiffuse="$INFO[Skin.String(color.500)]">backgrounds/bg_fade_3.png</bordertexture>
				    <bordersize>2</bordersize>
				</control>
				<!--thumb (fallback)-->
				<control type="image">
					<left>66</left>
					<top>20</top>
					<width>440</width>
					<height>440</height>
					<aspectratio>scale</aspectratio>
					<texture background="true" colordiffuse="white">$INFO[ListItem.Icon]</texture>
					<visible>String.Contains(ListItem.Icon,Default)</visible>
				</control>
				<!--thumb (no fallback)-->
				<control type="image">
					<left>66</left>
					<top>20</top>
					<width>440</width>
					<height>440</height>
					<aspectratio>scale</aspectratio>
					<texture background="true">$INFO[ListItem.Icon]</texture>
					<visible>!String.Contains(ListItem.Icon,Default)</visible>
				</control>
				<!--album info-->
				<control type="group">
					<top>490</top>
					<visible>!Container.Content(Songs)</visible>
					<!--info strip background-->
					<control type="image">
						<left>-30</left>
						<top>0</top>
						<width>636</width>
						<height>60</height>
						<texture background="true" colordiffuse="$INFO[Skin.String(color.500)]">backgrounds/white.png</texture>
					</control>
					<!--thumb shadow-->
					<control type="image">
						<left>-30</left>
						<top>0</top>
						<width>636</width>
						<height>10</height>
						<texture>homeshadow.png</texture>
						<animation effect="fade" start="100" end="100" time="0" condition="true">Conditional</animation>
					</control>
					<!--info strip shadow-->
					<control type="image">
						<left>-30</left>
						<top>60</top>
						<width>636</width>
						<height>10</height>
						<texture>homeshadow.png</texture>
						<animation effect="fade" start="100" end="100" time="0" condition="true">Conditional</animation>
					</control>
					<!--secondary label-->
					<control type="label">
						<left>0</left>
						<top>3</top>
						<width>600</width>
						<height>55</height>
						<font>secondary.info.big</font>
						<textcolor>white</textcolor>
						<selectedcolor>white</selectedcolor>
						<shadowcolor>black</shadowcolor>
						<align>left</align>
						<aligny>center</aligny>
						<label>$VAR[Addon.Secondary.Label]</label>
					</control>
				</control>
				<!--addon description-->
				<control type="textbox">
					<left>-20</left>
					<top>572</top>
					<width>620</width>
					<height>100</height>
					<font>font12</font>
					<align>left</align>
					<textcolor>white</textcolor>
					<label>$VAR[Addon.Description]</label>
					<autoscroll time="2500" delay="3000" repeat="5000">Skin.HasSetting(AutoScroll)</autoscroll>
				</control>
		    </control>
	    </control>
	</include>
</includes>