<?xml version="1.0" encoding="UTF-8" standalone="yes"?>
<addon id="service.mdblist-scrobbler" name="MDBList Scrobbler" version="1.0.0" provider-name="MDBList">
    <requires>
        <import addon="xbmc.python" version="3.0.0"/>
        <import addon="script.module.requests" version="2.31.0"/>
    </requires>
    <extension point="xbmc.service" library="service.py"/>
    <extension point="xbmc.addon.metadata">
        <platform>all</platform>
        <summary lang="en">MDBList Scrobbler</summary>
        <description lang="en">Track watched TV shows and movies with MDBList scrobble endpoints</description>
        <assets>
            <icon>icon.png</icon>
        </assets>
    </extension>
</addon>
