<?xml version="1.0" encoding="UTF-8" standalone="yes"?>
<addon id="service.subtitles.subtis"
    name="Subtis Subtitles"
    version="0.9.2"
    provider-name="Subtis">
  <requires>
    <import addon="xbmc.python" version="3.0.0"/>
  </requires>
  <extension
    point="xbmc.subtitle.module"
    library="service.py" />
  <extension point="xbmc.addon.metadata">
    <summary lang="en_GB">Subtitles service for Subtis</summary>
    <summary lang="es_ES">Servicio de subtítulos de Subtis</summary>
    <description lang="en_GB">Downloads subtitles from the subt.is</description>
    <description lang="es_ES">Descarga subtítulos en español desde subt.is</description>
    <platform>all</platform>
    <license>MIT</license>
    <website>https://subtis.io</website>
    <news>v0.9.2 - Soporte para subtítulos alternativos</news>
    <assets>
      <icon>resources/icon.png</icon>
    </assets>
  </extension>
</addon>
