<?xml version="1.0" encoding="UTF-8"?>
<window id="1112">
	<defaultcontrol always="true">100</defaultcontrol>
	<include>Animation_DialogPopupOpenClose</include>
	<depth>DepthDialog+</depth>
	<controls>
		<control type="group">
			<height>1000</height>
			<centertop>50%</centertop>
			<centerleft>50%</centerleft>
			<width>1200</width>
			<include content="DialogBackgroundCommons">
				<param name="header_label" value="Welcome to Nimbus" />
				<param name="header_id" value="1" />
			</include>
			<control type="textbox" id="9">
				<left>0</left>
				<top>100</top>
				<width>1200</width>
				<height>1000</height>
				<textcolor>darkgrey</textcolor>
				<font>font32_title</font>
				<label>Nimbus is a light artwork centric skin that can be customized to suit various tastes.[CR][CR]After clicking OK on the button below, navigate to skin settings to set up main menu items/widgets and configure the skin to your likings. Every setting has a small help text at the bottom of the screen to help you understand how it works and what the setting does. You'll find other settings/config toggles in the View options panel in video windows.[CR][CR]Aside from setting the view type, there you can customize artwork style, clearlogo and artwork used. Please note that the views are auto locking so whenever you set a view it will be locked for the content type that you see in the View options panel.[CR][CR]Also, feel free to set different artwork/options for different content types (movies,tvshows) etc as Nimbus will remember your preferences for each content type in the video windows and home screen.[CR][CR]If you need to access this welcome screen again, you may do so in Skin settings » Extras.</label>
				<autoscroll time="3000" delay="4000" repeat="5000">true</autoscroll>
			</control>
			<control type="button" id="100">
				<visible>!Skin.HasSetting(firsttimerun)</visible>
				<centerleft>50%</centerleft>
				<top>870</top>
				<width>300</width>
				<height>100</height>
				<label>OK</label>
				<font>font25_title</font>
				<textoffsetx>20</textoffsetx>
				<textoffsety>33</textoffsety>
				<onclick>Skin.Setbool(firsttimerun)</onclick>
				<onclick>back</onclick>
				<onclick>RunScript(script.nimbus.helper,mode=remake_all_cpaths)</onclick>
				<align>center</align>
				<aligny>left</aligny>
				<texturefocus border="40" colordiffuse="$VAR[FocusColorTheme]">buttons/dialogbutton-fo.png</texturefocus>
				<texturenofocus border="40" colordiffuse="button_focus2">buttons/dialogbutton-nofo.png</texturenofocus>
			</control>
		</control>
	</controls>
</window>
