<?xml version="1.0" encoding="utf-8"?>
<window>
	<defaultcontrol always="true">2</defaultcontrol>
	<include>Animation_DialogPopupOpenClose</include>
	<controls>
		<control type="button">
			<description>background close area</description>
			<left>0</left>
			<top>0</top>
			<width>100%</width>
			<bottom>546</bottom>
			<texturefocus />
			<texturenofocus />
			<onclick>Action(close)</onclick>
		</control>
		<control type="group">
			<top>450</top>
			<bottom>0</bottom>
			<height>550</height>
			<animation condition="String.IsEqual(Skin.String(OSDStyleSetting),1)" reversible="true">
        <effect type="slide" start="0,0" end="0,-100" time="500" tween="cubic" easing="inout" />
      </animation>
			<control type="image">
				<top>-20</top>
				<left>0</left>
				<width>100%</width>
				<height>430</height>
				<animation effect="fade" start="0" end="100" time="300">WindowOpen</animation>
				<animation effect="fade" start="100" end="0" time="300">WindowClose</animation>
				<texture colordiffuse="e0080808">colors/white.png</texture>
				<visible>String.IsEqual(Skin.String(OSDStyleSetting),0)</visible>
			</control>
			<control type="textbox">
				<left>0</left>
				<top>1</top>
				<width>1920</width>
				<height>410</height>
				<align>center</align>
				<aligny>center</aligny>
				<font>font45_title</font>
				<label>$LOCALIZE[31155]</label>
				<visible>Integer.IsEqual(Container(11).NumItems,0)</visible>
			</control>
			<control type="grouplist" id="9001">
				<orientation>horizontal</orientation>
				<left>0</left>
				<top>0</top>
				<width>100%</width>
				<align>center</align>
				<height>100</height>
				<onup>11</onup>
				<ondown>11</ondown>
				<itemgap>dialogbuttons_itemgap</itemgap>
				<include content="DefaultDialogButton">
					<param name="id" value="2" />
					<param name="label" value="$LOCALIZE[294]" />
					<param name="width" value="270" />
				</include>
				<include content="DefaultDialogButton">
					<param name="id" value="3" />
					<param name="label" value="$LOCALIZE[296]" />
					<param name="width" value="270" />
				</include>
				<include content="DefaultDialogButton">
					<param name="id" value="4" />
					<param name="label" value="$LOCALIZE[20406]" />
					<param name="width" value="270" />
					<param name="visible" value="Control.IsEnabled(4)" />
				</include>
			</control>
			<control type="panel" id="11">
				<left>0</left>
				<top>81</top>
				<width>100%</width>
				<height>350</height>
				<onup>9001</onup>
				<ondown>9001</ondown>
				<preloaditems>2</preloaditems>
				<scrolltime tween="sine">200</scrolltime>
				<orientation>horizontal</orientation>
				<itemlayout width="360" height="340">
					<control type="group">
						<left>70</left>
						<control type="image">
							<left>0</left>
							<top>5</top>
							<width>330</width>
							<height>250</height>
							<!-- <aspectratio>scale</aspectratio> -->
							<texture diffuse="masks/landscape.png" fallback="DefaultVideo.png">$INFO[ListItem.Art(thumb)]</texture>
							<!-- <bordertexture colordiffuse="border_alpha">colors/black.png</bordertexture> -->
							<bordersize>4</bordersize>
						</control>
						<control type="label">
							<left>20</left>
							<top>255</top>
							<width>290</width>
							<height>40</height>
							<label>$INFO[ListItem.Label][CR]$INFO[ListItem.Label2]</label>
							<font>font12</font>
							<shadowcolor>text_shadow</shadowcolor>
							<align>center</align>
						</control>
					</control>
				</itemlayout>
				<focusedlayout width="360" height="340">
					<control type="group">
						<left>70</left>
						<control type="image">
							<left>0</left>
							<top>5</top>
							<width>330</width>
							<height>250</height>
							<texture border="3" colordiffuse="button_focus">masks/landscape.png</texture>
							<visible>Control.HasFocus(11)</visible>
						</control>
						<control type="image">
							<left>0</left>
							<top>5</top>
							<width>330</width>
							<height>250</height>
							<!-- <aspectratio>scale</aspectratio> -->
							<texture diffuse="masks/landscape.png" fallback="DefaultVideo.png">$INFO[ListItem.Art(thumb)]</texture>
							<!-- <bordertexture colordiffuse="border_alpha">colors/black.png</bordertexture> -->
							<bordersize>4</bordersize>
						</control>
						<control type="label">
							<left>20</left>
							<top>255</top>
							<width>290</width>
							<height>40</height>
							<label>$INFO[ListItem.Label][CR]$INFO[ListItem.Label2]</label>
							<font>font12</font>
							<shadowcolor>text_shadow</shadowcolor>
							<align>center</align>
						</control>
					</control>
				</focusedlayout>
			</control>
		</control>
	</controls>
</window>
