<?xml version="1.0" encoding="UTF-8"?>
<includes>
	<include name="View_56_FlixList">
		<!-- <param name="bottom_offset">list_bottom_offset</param> -->
		<definition>
			<control type="group">
				<include>OpenClose_Right</include>
				<visible>Control.IsVisible(56)</visible>
				<include>Visible_Right</include>
				<include>MediaMenuAnimations</include>
				<control type="label">
					<left>50</left>
					<top>600</top>
					<width>1815</width>
					<label>$VAR[TrailerReadyVar]$VAR[ClockCrumbs]$VAR[BreadcrumbsVideoVar]$VAR[FlixCategory]$VAR[FlixCrumbsVar]</label>
					<font>font27</font>
					<textcolor>$VAR[MenuSelectorColor]</textcolor>
					<shadowcolor>text_shadow</shadowcolor>
					<align>left</align>
					<visible>$EXP[isPlugin]</visible>
				</control>
				<control type="label">
					<left>50</left>
					<top>600</top>
					<width>1815</width>
					<label>$VAR[ClockCrumbs][COLOR unfocused_text]$INFO[Container.FolderName][/COLOR]$VAR[FlixCrumbsVar]</label>
					<font>font27</font>
					<textcolor>$VAR[MenuSelectorColor]</textcolor>
					<shadowcolor>text_shadow</shadowcolor>
					<align>left</align>
					<visible>!$EXP[isPlugin]</visible>
				</control>
				<!-- <control type="image">
					<include>NetflixScreenDimensions</include>
					<aspectratio>stretch</aspectratio>
					<fadetime>500</fadetime>
					<include>ArtworkAnimations</include>
					<texture background="true" diffuse="overlays/netflixfanartdiffuse.png" fallback="$VAR[NimbusCustomBackgroundImage]">$VAR[MediaFanartVar]</texture>
					<visible>!Container.Content(movies) + !Container.Content(tvshows) + !Container.Content(seasons) + !Container.Content(episodes)</visible>
				</control> -->
				<control type="panel" id="56">
					<left>50</left>
					<top>list_top_offset</top>			
					<bottom>70</bottom>
					<scrolltime tween="cubic" easing="out">500</scrolltime>
					<pagecontrol>531</pagecontrol>
					<onright>56</onright>
					<onleft>531</onleft>
					<onup>56</onup>
					<ondown>56</ondown>
					<viewtype label="$LOCALIZE[31107]">list</viewtype>
					<visible>
						[Container.Content(tvshows) + [String.IsEqual(Skin.String(Skin.ForcedView.tvshows),$LOCALIZE[31107]) | String.IsEmpty(Skin.String(Skin.ForcedView.tvshows))]] | 
					
						[Container.Content(seasons) + [String.IsEqual(Skin.String(Skin.ForcedView.seasons),$LOCALIZE[31107]) | String.IsEmpty(Skin.String(Skin.ForcedView.seasons))]] | 

						[Container.Content(episodes) + !String.StartsWith(Container.PluginCategory,Season) + [String.IsEqual(Skin.String(Skin.ForcedView.episodes.outside),$LOCALIZE[31107]) | String.IsEmpty(Skin.String(Skin.ForcedView.episodes.outside))]] | 
							
						[Container.Content(episodes) + String.StartsWith(Container.PluginCategory,Season) + [String.IsEqual(Skin.String(Skin.ForcedView.episodes.inside),$LOCALIZE[31107]) | String.IsEmpty(Skin.String(Skin.ForcedView.episodes.inside))]] |

						[Container.Content(movies) + [String.IsEqual(Skin.String(Skin.ForcedView.movies),$LOCALIZE[31107]) | String.IsEmpty(Skin.String(Skin.ForcedView.movies))]] | 

						[Container.Content(musicvideos) + [String.IsEqual(Skin.String(Skin.ForcedView.musicvideos),$LOCALIZE[31107]) | String.IsEmpty(Skin.String(Skin.ForcedView.musicvideos))]] | 
						[Container.Content(videos) + [String.IsEqual(Skin.String(Skin.ForcedView.videos),$LOCALIZE[31107]) | String.IsEmpty(Skin.String(Skin.ForcedView.videos))]] | 

						[Container.Content(games) + [String.IsEqual(Skin.String(Skin.ForcedView.games),$LOCALIZE[31107]) | String.IsEmpty(Skin.String(Skin.ForcedView.games))]] | 

						[Container.Content(videoplaylist) + [String.IsEqual(Skin.String(Skin.ForcedView.videoplaylist),$LOCALIZE[31107]) | String.IsEmpty(Skin.String(Skin.ForcedView.videoplaylist))]] | 

						[Container.Content(musicplaylist) + [String.IsEqual(Skin.String(Skin.ForcedView.musicplaylist),$LOCALIZE[31107]) | String.IsEmpty(Skin.String(Skin.ForcedView.musicplaylist))]] | 

						[Container.Content(genres) + [String.IsEqual(Skin.String(Skin.ForcedView.genres),$LOCALIZE[31107]) | String.IsEmpty(Skin.String(Skin.ForcedView.genres))]] | 

						[Container.Content(playlists) + [String.IsEqual(Skin.String(Skin.ForcedView.playlists),$LOCALIZE[31107]) | String.IsEmpty(Skin.String(Skin.ForcedView.playlists))]] | 
						
						[Container.Content(favourites) + [String.IsEqual(Skin.String(Skin.ForcedView.favourites),$LOCALIZE[31107]) | String.IsEmpty(Skin.String(Skin.ForcedView.favourites))]] | 

						[Container.Content() + [String.IsEqual(Skin.String(Skin.ForcedView.),$LOCALIZE[31107]) | String.IsEmpty(Skin.String(Skin.ForcedView.))]] | 

						[Container.Content(songs) + [String.IsEqual(Skin.String(Skin.ForcedView.songs),$LOCALIZE[31107]) | String.IsEmpty(Skin.String(Skin.ForcedView.songs))]] | 

						[Container.Content(addons) + [String.IsEqual(Skin.String(Skin.ForcedView.addons),$LOCALIZE[31107]) | String.IsEmpty(Skin.String(Skin.ForcedView.addons))]] | 

						[!Container.Content(songs) + !Container.Content(addons) + !Container.Content(playlists) + !Container.Content() + !Container.Content(tvshows) + !Container.Content(seasons) + !Container.Content(episodes) + !Container.Content(movies) + !Container.Content(musicvideos) + !Container.Content(videos) + !Container.Content(favourites) + !Container.Content(genres)]
					</visible>
					<focusedlayout height="list_item_height" width="608" condition="Container.Content(tvshows) | Container.Content(seasons) | Container.Content(episodes) | Container.Content(movies) | Container.Content(musicvideos) | Container.Content(videos) | Container.Content(games) | Window.IsActive(videoplaylist) | Window.IsActive(musicplaylist)" infoupdate="30">
						<include>VideoTrailerControl</include>
						<control type="image">
							<left>0</left>
							<right>0</right>
							<bottom>0</bottom>
							<texture colordiffuse="$VAR[FocusColorTheme]">masks/focus.png</texture>
							<animation effect="fade" start="100" end="40" time="40" condition="!Control.HasFocus(56)">Conditional</animation>
						</control>
						<control type="image">
							<left>25</left>
							<top>24</top>
							<width>23</width>
							<height>23</height>
							<texture colordiffuse="$VAR[FocusedTextColorVar]">$VAR[ListWatchedIconVar]</texture>
							<animation effect="fade" start="30" end="100" time="300" reversible="false">Focus</animation>
						</control>
						<control type="group">
							<left>70</left>
							<top>-2</top>
							<bottom>0</bottom>
							<control type="label">
								<right>30</right>
								<aligny>center</aligny>
								<scroll>true</scroll>
								<scrollspeed>160</scrollspeed>
								<font>font27</font>
								<label>$VAR[ListLabelVar]</label>
								<textcolor>$VAR[FocusedTextColorVar]</textcolor>
								<shadowcolor>text_shadow</shadowcolor>
								<visible>Container.Content(movies) | Container.Content(seasons) | Container.Content(videos)</visible>
							</control>
							<control type="label">
								<right>150</right>
								<aligny>center</aligny>
								<scroll>true</scroll>
								<scrollspeed>160</scrollspeed>
								<font>font27</font>
								<label>$VAR[ListLabelVar]</label>
								<textcolor>$VAR[FocusedTextColorVar]</textcolor>
								<shadowcolor>text_shadow</shadowcolor>
								<visible>Container.Content(tvshows)</visible>
							</control>
							<control type="label">
								<right>90</right>
								<aligny>center</aligny>
								<scroll>true</scroll>
								<scrollspeed>160</scrollspeed>
								<font>font27</font>
								<label>$VAR[ListLabelVar]</label>
								<textcolor>$VAR[FocusedTextColorVar]</textcolor>
								<shadowcolor>text_shadow</shadowcolor>
								<visible>Container.Content(episodes)</visible>
							</control>
						</control>
						<control type="label">
							<right>20</right>
							<top>-2</top>
							<bottom>0</bottom>
							<align>right</align>
							<aligny>center</aligny>
							<font>font27</font>
							<label>$INFO[ListItem.Rating]</label>
							<textcolor>$VAR[FocusedTextColorVar]</textcolor>
							<visible>![$EXP[isMovie] | $EXP[isTVShow] | $EXP[isSeason]]</visible>
							<shadowcolor>text_shadow</shadowcolor>
						</control>
						<control type="label">
							<top>-2</top>
							<bottom>0</bottom>
							<right>20</right>
							<align>right</align>
							<aligny>center</aligny>
							<font>font27</font>
							<label>$INFO[ListItem.Property(WatchedEpisodes)]$INFO[ListItem.Property(TotalEpisodes), / ,]</label>
							<textcolor>$VAR[FocusedTextColorVar]</textcolor>
							<visible>$EXP[isSeason]</visible>
							<shadowcolor>text_shadow</shadowcolor>
						</control>
						<control type="group">
							<visible>$EXP[isTVShow]</visible>
							<control type="label">
								<width>260</width>
								<top>-2</top>
								<bottom>0</bottom>
								<right>20</right>
								<align>right</align>
								<aligny>center</aligny>
								<font>font27</font>
								<label>$INFO[ListItem.Property(WatchedEpisodes)]$INFO[ListItem.Property(TotalEpisodes), / ,]</label>
								<textcolor>$VAR[FocusedTextColorVar]</textcolor>
							</control>
							<shadowcolor>text_shadow</shadowcolor>
						</control>
					</focusedlayout>
					<itemlayout height="list_item_height" width="608" condition="Container.Content(tvshows) | Container.Content(seasons) | Container.Content(episodes) | Container.Content(movies) | Container.Content(musicvideos) | Container.Content(videos) | Container.Content(games) | Window.IsActive(videoplaylist) | Window.IsActive(musicplaylist)">
						<control type="image">
							<left>25</left>
							<top>24</top>
							<width>23</width>
							<height>23</height>
							<texture colordiffuse="unfocused_text">$VAR[ListWatchedIconVar]</texture>
							<animation effect="fade" start="30" end="100" time="300" reversible="false">Focus</animation>
						</control>
						<control type="group">
							<left>70</left>
							<top>-2</top>
							<bottom>0</bottom>
							<control type="label">
								<right>30</right>
								<aligny>center</aligny>
								<font>font27</font>
								<label>$VAR[ListLabelVar]</label>
								<textcolor>unfocused_text</textcolor>
								<shadowcolor>text_shadow</shadowcolor>
								<visible>Container.Content(movies) | Container.Content(seasons) | Container.Content(videos)</visible>
							</control>
							<control type="label">
								<right>150</right>
								<aligny>center</aligny>
								<font>font27</font>
								<label>$VAR[ListLabelVar]</label>
								<textcolor>unfocused_text</textcolor>
								<shadowcolor>text_shadow</shadowcolor>
								<visible>Container.Content(tvshows)</visible>
							</control>
							<control type="label">
								<right>90</right>
								<aligny>center</aligny>
								<font>font27</font>
								<label>$VAR[ListLabelVar]</label>
								<textcolor>unfocused_text</textcolor>
								<shadowcolor>text_shadow</shadowcolor>
								<visible>Container.Content(episodes)</visible>
							</control>
						</control>
						<control type="label">
							<top>-2</top>
							<bottom>0</bottom>
							<right>20</right>
							<align>right</align>
							<aligny>center</aligny>
							<font>font27</font>
							<textcolor>unfocused_text</textcolor>
							<label>$INFO[ListItem.Rating]</label>
							<visible>![$EXP[isMovie] | $EXP[isTVShow] | $EXP[isSeason]]</visible>
							<shadowcolor>text_shadow</shadowcolor>
						</control>
						<control type="label">
							<top>-2</top>
							<bottom>0</bottom>
							<right>20</right>
							<align>right</align>
							<aligny>center</aligny>
							<font>font27</font>
							<textcolor>unfocused_text</textcolor>
							<label>$INFO[ListItem.Property(WatchedEpisodes)]$INFO[ListItem.Property(TotalEpisodes), / ,]</label>
							<visible>$EXP[isSeason]</visible>
							<shadowcolor>text_shadow</shadowcolor>
						</control>
					<control type="group">
						<visible>$EXP[isTVShow]</visible>
							<control type="label">
								<width>260</width>
								<top>-2</top>
								<bottom>0</bottom>
								<right>20</right>
								<align>right</align>
								<aligny>center</aligny>
								<font>font27</font>
								<textcolor>unfocused_text</textcolor>
								<label>$INFO[ListItem.Property(WatchedEpisodes)]$INFO[ListItem.Property(TotalEpisodes), / ,]</label>
							</control>
							<shadowcolor>text_shadow</shadowcolor>
						</control>
					</itemlayout>
					<focusedlayout height="list_item_height" width="608" condition="!Container.Content(songs) + !Container.Content(addons) + !Container.Content(playlists) + !Container.Content() + !Container.Content(tvshows) + !Container.Content(seasons) + !Container.Content(episodes) + !Container.Content(movies) + !Container.Content(musicvideos) + !Container.Content(videos)+ !Container.Content(favourites)" infoupdate="300">
						<control type="image">
							<left>0</left>
							<right>0</right>
							<bottom>0</bottom>
							<texture colordiffuse="$VAR[FocusColorTheme]">masks/focus-long.png</texture>
							<animation effect="fade" start="100" end="40" time="40" condition="!Control.HasFocus(56)">Conditional</animation>
						</control>
						<control type="image">
							<left>25</left>
							<top>24</top>
							<width>23</width>
							<height>23</height>
							<texture colordiffuse="$VAR[FocusedTextColorVar]">$VAR[ListWatchedIconVar]</texture>
							<animation effect="fade" start="30" end="100" time="300" reversible="false">Focus</animation>
						</control>
						<control type="label">
							<left>70</left>
							<top>-2</top>
							<bottom>0</bottom>
							<right>20</right>
							<aligny>center</aligny>
							<scroll>true</scroll>
							<font>font27</font>
							<label>$INFO[ListItem.Label]</label>
							<textcolor>$VAR[FocusedTextColorVar]</textcolor>
							<shadowcolor>text_shadow</shadowcolor>
						</control>
						<control type="label">
							<left>70</left>
							<top>-2</top>
							<bottom>0</bottom>
							<right>20</right>
							<align>right</align>
							<aligny>center</aligny>
							<label>$VAR[ListLabel2Var]</label>
							<font>font27</font>
							<textcolor>$VAR[FocusedTextColorVar]</textcolor>
							<shadowcolor>text_shadow</shadowcolor>
						</control>
					</focusedlayout>
					<itemlayout height="list_item_height" width="608" condition="!Container.Content(songs) + !Container.Content(addons) + !Container.Content(playlists) + !Container.Content() + !Container.Content(tvshows) + !Container.Content(seasons) + !Container.Content(episodes) + !Container.Content(movies) + !Container.Content(musicvideos) + !Container.Content(videos) + !Container.Content(favourites)">
						<control type="image">
							<left>25</left>
							<top>24</top>
							<width>23</width>
							<height>23</height>
							<texture colordiffuse="unfocused_text">$VAR[ListWatchedIconVar]</texture>
							<animation effect="fade" start="30" end="100" time="300" reversible="false">Focus</animation>
						</control>
						<control type="label">
							<left>70</left>
							<top>-2</top>
							<bottom>0</bottom>
							<right>20</right>
							<aligny>center</aligny>
							<font>font27</font>
							<textcolor>unfocused_text</textcolor>
							<label>$VAR[ListLabelVar]</label>
							<shadowcolor>text_shadow</shadowcolor>
						</control>
						<control type="label">
							<left>70</left>
							<top>-2</top>
							<bottom>0</bottom>
							<right>20</right>
							<align>right</align>
							<aligny>center</aligny>
							<font>font27</font>
							<textcolor>unfocused_text</textcolor>
							<label>$VAR[ListLabel2Var]</label>
							<shadowcolor>text_shadow</shadowcolor>
						</control>
					</itemlayout>
					<focusedlayout height="list_item_height" width="608" condition="Container.Content(playlists) | Container.Content(favourites) | Container.Content()" infoupdate="300">
						<control type="image">
							<left>0</left>
							<right>0</right>
							<bottom>0</bottom>
							<texture colordiffuse="$VAR[FocusColorTheme]">masks/focus.png</texture>
							<animation effect="fade" start="100" end="40" time="40" condition="!Control.HasFocus(56)">Conditional</animation>
						</control>
						<control type="image">
							<left>20</left>
							<centertop>50%</centertop>
							<height>50</height>
							<width>50</width>
							<bottom>10</bottom>
							<aspectratio>keep</aspectratio>
							<texture colordiffuse="$VAR[FocusedTextColorVar]" diffuse="masks/addons.png">$INFO[ListItem.Icon]</texture>
						</control>
						<control type="label">
							<left>90</left>
							<top>-2</top>
							<bottom>0</bottom>
							<right>25</right>
							<aligny>center</aligny>
							<scroll>true</scroll>
							<scrollspeed>160</scrollspeed>
							<font>font27</font>
							<label>$INFO[ListItem.Label]</label>
							<textcolor>$VAR[FocusedTextColorVar]</textcolor>
							<shadowcolor>text_shadow</shadowcolor>
						</control>
					</focusedlayout>
					<itemlayout height="list_item_height" width="608" condition="Container.Content(playlists) | Container.Content(favourites) | Container.Content()">
						<control type="image">
							<left>20</left>
							<centertop>50%</centertop>
							<height>50</height>
							<width>50</width>
							<bottom>10</bottom>
							<aspectratio>keep</aspectratio>
							<texture diffuse="masks/addons.png" colordiffuse="unfocused_text">$INFO[ListItem.Icon]</texture>
						</control>
						<control type="label">
							<left>90</left>
							<top>-2</top>
							<bottom>0</bottom>
							<right>25</right>
							<aligny>center</aligny>
							<textcolor>unfocused_text</textcolor>
							<label>$INFO[ListItem.Label]</label>
							<font>font27</font>
							<shadowcolor>text_shadow</shadowcolor>
						</control>
					</itemlayout>
					<include condition="Window.IsActive(music)">SongsListLayout</include>
					<include>AddonsListLayout</include>
				</control>
			</control>
		</definition>
	</include>
	<include name="SongsListLayout">
		<focusedlayout height="list_item_height" condition="Container.Content(songs)">
			<control type="image">
				<left>0</left>
				<right>0</right>
				<texture colordiffuse="$VAR[FocusColorTheme]">masks/focus-long.png</texture>
				<animation effect="fade" start="100" end="40" time="40" condition="!Control.HasFocus(56)">Conditional</animation>
			</control>
			<control type="label">
				<left>35</left>
				<right>40</right>
				<aligny>center</aligny>
				<scroll>true</scroll>
				<label>$VAR[ListLabelVar]</label>
				<shadowcolor>text_shadow</shadowcolor>
			</control>
			<control type="label">
				<left>35</left>
				<right>40</right>
				<align>right</align>
				<aligny>center</aligny>
				<label>$VAR[ListLabel2Var]</label>
				<shadowcolor>text_shadow</shadowcolor>
			</control>
		</focusedlayout>
		<itemlayout height="list_item_height" condition="Container.Content(songs)">
			<control type="label">
				<left>35</left>
				<right>40</right>
				<aligny>center</aligny>
				<label>$VAR[ListLabelVar]</label>
				<shadowcolor>text_shadow</shadowcolor>
			</control>
			<control type="label">
				<left>35</left>
				<right>40</right>
				<align>right</align>
				<aligny>center</aligny>
				<label>$VAR[ListLabel2Var]</label>
				<textcolor>grey</textcolor>
				<shadowcolor>text_shadow</shadowcolor>
			</control>
		</itemlayout>
	</include>
	<include name="AddonsListLayout">
		<focusedlayout height="list_item_height" width="913" condition="Container.Content(addons)" infoupdate="30">
			<control type="image">
				<left>0</left>
				<right>0</right>
				<bottom>0</bottom>
				<texture colordiffuse="$VAR[FocusColorTheme]">masks/focus-long.png</texture>
				<animation effect="fade" start="100" end="40" time="40" condition="!Control.HasFocus(56)">Conditional</animation>
			</control>
			<control type="image">
				<left>20</left>
				<top>18</top>
				<width>33</width>
				<height>33</height>
				<texture colordiffuse="$VAR[FocusedTextColorVar]">$VAR[AddonsListIconVar]</texture>
				<animation effect="fade" start="30" end="100" time="300" reversible="false">Focus</animation>
			</control>
			<control type="label">
				<top>-2</top>
				<left>70</left>
				<aligny>center</aligny>
				<scroll>true</scroll>
				<font>font27</font>
				<label>$INFO[ListItem.Label]</label>
				<textcolor>$VAR[FocusedTextColorVar]</textcolor>
			</control>
			<control type="label">
				<top>-2</top>
				<right>70</right>
				<align>right</align>
				<aligny>center</aligny>
				<font>font27</font>
				<label>$VAR[AddonsLabel3Var]</label>
				<textcolor>$VAR[FocusedTextColorVar]</textcolor>
				<scroll>true</scroll>
			</control>
			<control type="image">
				<right>20</right>
				<centertop>50%</centertop>
				<width>33</width>
				<height>33</height>
				<texture colordiffuse="$VAR[FocusedTextColorVar]">$VAR[AddonsOriginVar]</texture>
				<visible>!ListItem.IsFolder</visible>
			</control>
		</focusedlayout>
		<itemlayout height="list_item_height" width="913" condition="Container.Content(addons)">
			<control type="image">
				<left>20</left>
				<top>18</top>
				<width>33</width>
				<height>33</height>
				<texture colordiffuse="unfocused_text">$VAR[AddonsListIconVar]</texture>
				<animation effect="fade" start="30" end="100" time="300" reversible="false">Focus</animation>
			</control>
			<control type="label">
				<top>-2</top>
				<left>70</left>
				<aligny>center</aligny>
				<label>$INFO[ListItem.Label]</label>
				<textcolor>unfocused_text</textcolor>
				<font>font27</font>
			</control>
			<control type="label">
				<top>-2</top>
				<left>75</left>
				<right>70</right>
				<align>right</align>
				<aligny>center</aligny>
				<label>$VAR[AddonsLabel3Var]</label>
				<font>font27</font>
				<textcolor>unfocused_text</textcolor>
				<shadowcolor>text_shadow</shadowcolor>
			</control>
			<control type="image">
				<right>20</right>
				<centertop>50%</centertop>
				<width>33</width>
				<height>33</height>
				<texture colordiffuse="unfocused_text">$VAR[AddonsOriginVar]</texture>
				<visible>!ListItem.IsFolder</visible>
			</control>
		</itemlayout>
	</include>
</includes>
