<?xml version="1.0" encoding="UTF-8"?>
<addon id="service.subtitles.trainagain" name="Legendas Grupo TrainAgain" version="1.0.2" provider-name="@TrainAgain">
  <requires>
    <import addon="xbmc.python" version="3.0.1"/>
  </requires>
  <extension point="xbmc.subtitle.module" library="default.py"/>
  <extension point="xbmc.addon.metadata">
    <summary>Legendas Grupo TrainAgain</summary>
    <description>Download de legendas via API Stremio com seleção de idioma preferido. Criador: @TrainAgain | Suporte: t.me/TrainAgain</description>
    <platform>all</platform>
    <assets>
      <icon>icon.png</icon>
      <fanart>fanart.jpg</fanart>
    </assets>
  </extension>
</addon>

