<?xml version="1.0" encoding="UTF-8"?>
<window>
	<controls>
		<control type="image">
			<left>0</left>
			<top>0</top>
			<width>1920</width>
			<height>1080</height>
			<texture>black.png</texture>
			<animation type="WindowOpen" reversible="false">
				<effect type="fade" start="0" end="80" time="200" tween="sine" easing="in" />
			</animation>
		</control>
		<control type="group">
			<animation type="WindowOpen" reversible="false">
				<effect type="zoom" start="50" end="100" time="200" center="auto" tween="quadratic" easing="out" />
			</animation>
			<centerleft>50%</centerleft>
			<centertop>50%</centertop>
			<width>1152</width>
			<height>868</height>
			<control type="group">
				<control type="image">
					<texture colordiffuse="80343434">white.png</texture>
				</control>
				<control type="image">
					<height>100</height>
					<texture colordiffuse="$INFO[Window.Property(tikiskins.dialog.highlight)]">gradient-underlayer-horizontal-flipped.png</texture>
				</control>
				<control type="image">
					<left>15</left>
					<top>15</top>
					<width>70</width>
					<height>70</height>
					<align>left</align>
					<aligny>top</aligny>
					<aspectratio aligny="top">keep</aspectratio>
					<texture>$INFO[Window.Property(tikiskins.pov.icon)]</texture>
				</control>
				<control type="label">
					<centerleft>50%</centerleft>
					<width max="952">auto</width>
					<height>100</height>
					<font>font12</font>
					<textcolor>FFCCCCCC</textcolor>
					<align>center</align>
					<aligny>center</aligny>
					<scroll>true</scroll>
					<label>[UPPERCASE][B]$INFO[Window.Property(tikiskins.dialog.heading)][/B][/UPPERCASE]</label>
				</control>
			</control>
			<control type="group">
				<visible>String.IsEqual(Window.Property(tikiskins.dialog.multi_choice),false)</visible>
				<top>130</top>
				<left>260r</left>
				<control type="group">
					<visible>!String.IsEqual(Container(2025).ListItem.Property(tikiskins.dialog.default_icon),true)</visible>
					<control type="image">
						<aligny>left</aligny>
						<height>240</height>
						<width>240</width>
						<aspectratio aligny="top">keep</aspectratio>
						<texture>$INFO[Container(2025).ListItem.Property(tikiskins.dialog.icon)]</texture>
						<visible>String.IsEqual(Window.Property(tikiskins.dialog.multi_choice),false)</visible>
					</control>
					<control type="image">
						<aligny>left</aligny>
						<height>240</height>
						<width>240</width>
						<aspectratio aligny="top">keep</aspectratio>
						<texture>$INFO[Container(2025).ListItem.Property(tikiskins.dialog.icon)]</texture>
						<visible>String.IsEqual(Window.Property(tikiskins.dialog.multi_choice),true)</visible>
					</control>
				</control>
				<control type="group">
					<visible>String.IsEqual(Container(2025).ListItem.Property(tikiskins.dialog.default_icon),true)</visible>
					<control type="image">
						<aligny>left</aligny>
						<height>240</height>
						<width>240</width>
						<aspectratio aligny="top">keep</aspectratio>
						<texture>$INFO[Window.Property(tikiskins.pov.icon)]</texture>
					</control>
				</control>
			</control>
			<control type="group">
				<visible>String.IsEqual(Window.Property(tikiskins.dialog.multi_choice),true)</visible>
				<top>130</top>
				<left>260r</left>
				<control type="button" id="10">
					<description>OK</description>
					<top>45</top>
					<width>240</width>
					<height>60</height>
					<onup>11</onup>
					<ondown>11</ondown>
					<onleft>2025</onleft>
					<onright>2025</onright>
					<label>[B]OK[/B]</label>
					<font>font12</font>
					<textcolor>FFB7B4BB</textcolor>
					<focusedcolor>$INFO[Window.Property(tikiskins.dialog.highlight)]</focusedcolor>
					<texturefocus colordiffuse="FFCCCCCC">white.png</texturefocus>
					<texturenofocus colordiffuse="FF302F2F">white.png</texturenofocus>
					<align>center</align>
				</control>
				<control type="button" id="11">
					<description>Cancel</description>
					<top>150</top>
					<width>240</width>
					<height>60</height>
					<onup>10</onup>
					<ondown>10</ondown>
					<onleft>2025</onleft>
					<onright>2025</onright>
					<label>[B]Cancel[/B]</label>
					<font>font12</font>
					<textcolor>FFB7B4BB</textcolor>
					<focusedcolor>$INFO[Window.Property(tikiskins.dialog.highlight)]</focusedcolor>
					<texturefocus colordiffuse="FFCCCCCC">white.png</texturefocus>
					<texturenofocus colordiffuse="FF302F2F">white.png</texturenofocus>
					<align>center</align>
				</control>
			</control>
			<control type="group">
				<left>20</left>
				<top>124</top>
				<width>844</width>
				<height>720</height>
				<control type="image">
					<texture colordiffuse="B3343434">white.png</texture>
				</control>
				<control type="fixedlist" id="2025">
					<pagecontrol>2065</pagecontrol>
					<onup>2025</onup>
					<ondown>2025</ondown>
					<onright>2065</onright>
					<orientation>vertical</orientation>
					<focusposition>3</focusposition>
					<movement>4</movement>
					<scrolltime tween="sine">200</scrolltime>
					<itemlayout height="90" width="864">
						<control type="group">
							<description>Only Line1</description>
							<visible>String.IsEqual(Window.Property(tikiskins.dialog.multi_line),false)</visible>
							<width max="804">auto</width>
							<left>20</left>
							<height>90</height>
							<control type="label">
								<font>font12</font>
								<textcolor>FFCCCCCC</textcolor>
								<aligny>center</aligny>
								<label>[UPPERCASE]$INFO[ListItem.Property(tikiskins.dialog.line1)][/UPPERCASE]</label>
								<visible>String.IsEmpty(ListItem.Property(tikiskins.check_status))</visible>
							</control>
							<control type="label">
								<font>font12</font>
								<textcolor>$INFO[Window.Property(tikiskins.dialog.highlight)]</textcolor>
								<aligny>center</aligny>
								<label>[UPPERCASE]$INFO[ListItem.Property(tikiskins.dialog.line1)][/UPPERCASE]</label>
								<visible>!String.IsEmpty(ListItem.Property(tikiskins.check_status))</visible>
							</control>
						</control>
						<control type="group">
							<description>Line1 and Line2</description>
							<visible>String.IsEqual(Window.Property(tikiskins.dialog.multi_line),true)</visible>
							<width max="804">auto</width>
							<left>20</left>
							<control type="label">
								<top>25</top>
								<height>5</height>
								<font>font12</font>
								<textcolor>FFCCCCCC</textcolor>
								<aligny>center</aligny>
								<label>[UPPERCASE][B]$INFO[ListItem.Property(tikiskins.dialog.line1)][/B][/UPPERCASE]</label>
								<visible>String.IsEmpty(ListItem.Property(tikiskins.check_status))</visible>
							</control>
							<control type="label">
								<top>25</top>
								<height>5</height>
								<font>font12</font>
								<textcolor>$INFO[Window.Property(tikiskins.dialog.highlight)]</textcolor>
								<aligny>center</aligny>
								<label>[UPPERCASE][B]$INFO[ListItem.Property(tikiskins.dialog.line1)][/B][/UPPERCASE]</label>
								<visible>!String.IsEmpty(ListItem.Property(tikiskins.check_status))</visible>
							</control>
							<control type="label">
								<top>60</top>
								<height>5</height>
								<font>font12</font>
								<textcolor>FFA9A8A8</textcolor>
								<aligny>center</aligny>
								<label>[UPPERCASE][I]$INFO[ListItem.Property(tikiskins.dialog.line2)][/I][/UPPERCASE]</label>
								<visible>String.IsEmpty(ListItem.Property(tikiskins.check_status))</visible>
							</control>
							<control type="label">
								<top>60</top>
								<height>5</height>
								<font>font12</font>
								<textcolor>$INFO[Window.Property(tikiskins.dialog.highlight)]</textcolor>
								<aligny>center</aligny>
								<label>[UPPERCASE][I]$INFO[ListItem.Property(tikiskins.dialog.line2)][/I][/UPPERCASE]</label>
								<visible>!String.IsEmpty(ListItem.Property(tikiskins.check_status))</visible>
							</control>
						</control>
					</itemlayout>
					<focusedlayout height="90" width="864">
						<control type="image">
							<width>1200</width>
							<height>90</height>
							<aligny>top</aligny>
							<texture colordiffuse="FFCCCCCC">white.png</texture>
							<animation effect="fade" start="100" end="50" time="0" condition="!Control.HasFocus(2025)">Conditional</animation>
						</control>
						<control type="image">
							<width>10</width>
							<height>90</height>
							<aligny>top</aligny>
							<texture colordiffuse="$INFO[Window.Property(tikiskins.dialog.highlight)]">white.png</texture>
							<animation effect="fade" start="100" end="50" time="0" condition="!Control.HasFocus(2025)">Conditional</animation>
						</control>
						<control type="group">
							<description>Only Line1</description>
							<visible>String.IsEqual(Window.Property(tikiskins.dialog.multi_line),false)</visible>
							<left>20</left>
							<width max="804">auto</width>
							<height>90</height>
							<control type="label">
								<scroll>true</scroll>
								<font>font12</font>
								<textcolor>FF4a4347</textcolor>
								<aligny>center</aligny>
								<label>[UPPERCASE]$INFO[ListItem.Property(tikiskins.dialog.line1)][/UPPERCASE]</label>
								<visible>String.IsEmpty(ListItem.Property(tikiskins.check_status))</visible>
							</control>
							<control type="label">
								<scroll>true</scroll>
								<font>font12</font>
								<textcolor>$INFO[Window.Property(tikiskins.dialog.highlight)]</textcolor>
								<aligny>center</aligny>
								<label>[UPPERCASE]$INFO[ListItem.Property(tikiskins.dialog.line1)][/UPPERCASE]</label>
								<visible>!String.IsEmpty(ListItem.Property(tikiskins.check_status))</visible>
							</control>
						</control>
						<control type="group">
							<description>Line1 and Line2</description>
							<visible>String.IsEqual(Window.Property(tikiskins.dialog.multi_line),true)</visible>
							<width max="804">auto</width>
							<left>20</left>
							<control type="label">
								<scroll>true</scroll>
								<top>25</top>
								<height>5</height>
								<font>font12</font>
								<textcolor>FF4a4347</textcolor>
								<aligny>center</aligny>
								<label>[UPPERCASE][B]$INFO[ListItem.Property(tikiskins.dialog.line1)][/B][/UPPERCASE]</label>
								<visible>String.IsEmpty(ListItem.Property(tikiskins.check_status))</visible>
							</control>
							<control type="label">
								<scroll>true</scroll>
								<top>25</top>
								<height>5</height>
								<font>font12</font>
								<textcolor>$INFO[Window.Property(tikiskins.dialog.highlight)]</textcolor>
								<aligny>center</aligny>
								<label>[UPPERCASE][B]$INFO[ListItem.Property(tikiskins.dialog.line1)][/B][/UPPERCASE]</label>
								<visible>!String.IsEmpty(ListItem.Property(tikiskins.check_status))</visible>
							</control>
							<control type="label">
								<scroll>true</scroll>
								<top>60</top>
								<height>5</height>
								<font>font12</font>
								<textcolor>FF6D6D6D</textcolor>
								<aligny>center</aligny>
								<label>[UPPERCASE][I]$INFO[ListItem.Property(tikiskins.dialog.line2)][/I][/UPPERCASE]</label>
								<visible>String.IsEmpty(ListItem.Property(tikiskins.check_status))</visible>
							</control>
							<control type="label">
								<scroll>true</scroll>
								<top>60</top>
								<height>5</height>
								<font>font12</font>
								<textcolor>$INFO[Window.Property(tikiskins.dialog.highlight)]</textcolor>
								<aligny>center</aligny>
								<label>[UPPERCASE][I]$INFO[ListItem.Property(tikiskins.dialog.line2)][/I][/UPPERCASE]</label>
								<visible>!String.IsEmpty(ListItem.Property(tikiskins.check_status))</visible>
							</control>
						</control>
					</focusedlayout>
				</control>
				<control type="scrollbar" id="2065">
					<visible>Control.IsVisible(2025)</visible>
					<left>10r</left>
					<width>10</width>
					<texturesliderbackground colordiffuse="FF302F2F">white.png</texturesliderbackground>
					<texturesliderbar colordiffuse="FF555556">white.png</texturesliderbar>
					<texturesliderbarfocus colordiffuse="FFB7B4BB">white.png</texturesliderbarfocus>
					<onleft>2025</onleft>
					<onright>10</onright>
					<showonepage>false</showonepage>
					<orientation>vertical</orientation>
				</control>
			</control>
		</control>
	</controls>
</window>

