<?xml version='1.0' encoding='utf-8'?>
<addon id="plugin.video.vixmovie" name="VixMovie" version="1.7.1" provider-name="1x,Geamanu,apoyotech">
  <requires>
    <import addon="xbmc.python" version="3.0.1" />
    <import addon="script.module.requests" />
    <import addon="plugin.video.themoviedb.helper" />
  </requires>
  <extension point="xbmc.python.pluginsource" library="addon.py">
    <provides>video</provides>
  </extension>
  <extension point="xbmc.addon.metadata">
    <summary lang="en_GB">VixMovie Video Plugin</summary>
    <description lang="en_GB">Watch movies from VixMovie source.</description>
    <disclaimer lang="en_GB" />
    <platform>all</platform>
    <license>MIT</license>
    <assets>
      <icon>icon.png</icon>
	  <fanart>resources/fanart.jpg</fanart>
    </assets>
  </extension>
</addon>