<?xml version="1.0" encoding="UTF-8" standalone="yes"?>
<addon id="service.subtitles.subsro"
       name="Subs.ro"
       version="2.0.0"
       provider-name="Sarsailă, LEONTIN">
  <requires>
    <import addon="xbmc.python" version="3.0.0"/>
    <import addon="vfs.rar" version="21.0.2" />
  </requires>
  <extension point="xbmc.subtitle.module"
             library="service.py" />
  <extension point="xbmc.addon.metadata">
    <summary lang="ro">Subtitrări de pe Subs.ro</summary>
    <summary lang="en">Subs.ro Subtitles</summary>
    <description lang="ro">Descarcă subtitrări de pe subs.ro. Reparat și îmbunătățit de LEONTIN @subs.ro TEAM.</description>
    <description lang="en">Download subtitles from subs.ro. Repaired and enhanced by LEONTIN @subs.ro TEAM.</description>
    <platform>all</platform>
    <license>GNU GENERAL PUBLIC LICENSE. Version 2, June 1991</license>
    <website>https://subs.ro</website>
    <news>v2.0.0 - Reparație completă pentru noul site plus alte îmbunătățiri.</news>
    <assets>
      <icon>icon.png</icon>
    </assets>
  </extension>
</addon>
