<?xml version="1.0" encoding="UTF-8" standalone="yes"?>
<addon id="service.luc_kodi.mdblist" name="luc_kodi.mdblist" version="0.0.1" provider-name="[COLOR fffdb515]apoyotech[/COLOR]">
    <requires>
        <import addon="xbmc.python" version="3.0.1"/>
        <import addon="script.module.requests" />
        <import addon="plugin.video.luc_kodi" optional="true"/>
    </requires>
    <extension point="xbmc.service" library="service.py"/>
    <extension point="xbmc.addon.metadata">
        <platform>all</platform>
        <summary lang="en">Scrobble playback progress from Kodi to MDBList from plugin.video.luc_kodi</summary>
        <description lang="en">[COLOR ffc75453]Background service that sends start/pause/resume/stop/seek/interval events to MDBList. Configuration is read from plugin.video.luc_kodi settings (MDBList section).[/COLOR]</description>
        <assets>
            <icon>icon.png</icon>
        </assets>
    </extension>
</addon>
