<?xml version="1.0" encoding="utf-8"?>
<window>
	<defaultcontrol></defaultcontrol>
	<controls>
		<control type="group" id="0">
			<control type="label" id="10">
				<left>45</left>
				<top>15</top>
				<width>1770</width>
				<height>100</height>
				<label></label>
				<font>font12</font>
				<shadowcolor>black</shadowcolor>
			</control>
			<control type="label" id="11">
				<left>45</left>
				<top>45</top>
				<width>1770</width>
				<height>100</height>
				<label></label>
				<font>font12</font>
				<shadowcolor>black</shadowcolor>
			</control>
			<control type="label" id="12">
				<left>45</left>
				<top>75</top>
				<width>1770</width>
				<height>100</height>
				<label></label>
				<font>font12</font>
				<shadowcolor>black</shadowcolor>
			</control>
		</control>
		<control type="group" id="1">
			<depth>DepthOSD+</depth>
			<visible>Player.Caching + Integer.IsGreater(Player.CacheLevel,0)</visible>
			<animation effect="fade" delay="300" time="200">Visible</animation>
			<animation effect="fade" delay="200" time="150">Hidden</animation>
			<centerleft>50%</centerleft>
			<width>110</width>
			<centertop>50%</centertop>
			<height>110</height>
			<control type="image" id="1">
				<centerleft>50%</centerleft>
				<centertop>50%</centertop>
				<width>110</width>
				<height>110</height>
				<texture colordiffuse="BFFFFFFF">osd/buffer-bg.png</texture>
			</control>
			<control type="image" id="1">
				<centerleft>50%</centerleft>
				<centertop>50%</centertop>
				<width>92</width>
				<height>92</height>
				<texture>dialogs/extendedprogress/loading-back.png</texture>
			</control>
			<control type="image" id="1">
				<centerleft>50%</centerleft>
				<centertop>50%</centertop>
				<width>92</width>
				<height>92</height>
				<texture colordiffuse="button_focus">$INFO[Player.CacheLevel,dialogs/volume/progress/p,.png]</texture>
			</control>
			<control type="label" id="1">
				<description>buffering value</description>
				<label>$INFO[Player.CacheLevel]</label>
				<centerleft>50%</centerleft>
				<centertop>50%</centertop>
				<width>200</width>
				<height>200</height>
				<aligny>center</aligny>
				<align>center</align>
				<font>font13</font>
			</control>
		</control>

		<control type="group" id="2">
			<depth>DepthOSD+</depth>
			<visible>String.IsEqual(Player.Process(av.change),1) + Skin.HasSetting(HDRIconsOsd)</visible>
			<visible>true</visible>
			<onclick>Dialog.Close(all)</onclick>
			<animation type="Hidden">
				<effect type="fade" start="100" end="0" delay="6000" time="500" tween="sine"/>
			</animation>
			
			<!-- Video Codec Flags -->
			
			<!-- SDR_Bypass_Flag -->
			<include content="VideoCodecFlag">
				<param name="groupId">44</param><param name="imageId">45</param>
				<param name="visible">String.IsEqual(Player.Process(video.source.hdr.type.raw), 0) + String.Contains(Player.Process(amlogic.vs10.mode),Bypass)</param>
				<param name="texture">flags/fullscreen/SDR.png</param>
			</include>
			<!-- HDR10_Bypass_Flag -->
			<include content="VideoCodecFlag">
				<param name="groupId">46</param><param name="imageId">47</param>
				<param name="visible">String.IsEqual(Player.Process(video.source.hdr.type.raw), 1) + String.Contains(Player.Process(amlogic.vs10.mode),Bypass)</param>
				<param name="texture">flags/fullscreen/HDR10.png</param>
			</include>
			<!-- HDR10Plus_Bypass_Flag -->
			<include content="VideoCodecFlag">
				<param name="groupId">48</param><param name="imageId">49</param>
				<param name="visible">String.IsEqual(Player.Process(video.source.hdr.type.raw), 2) + String.Contains(Player.Process(amlogic.vs10.mode),Bypass)</param>
				<param name="texture">flags/fullscreen/HDR10Plus.png</param>
			</include>
			<!-- DV_Bypass_Flag -->
			<include content="VideoCodecFlag">
				<param name="groupId">50</param><param name="imageId">51</param>
				<param name="visible">String.IsEqual(Player.Process(video.source.hdr.type.raw), 3) + String.Contains(Player.Process(amlogic.vs10.mode),Bypass)</param>
				<param name="texture">flags/fullscreen/DV.png</param>
			</include>
			<!-- HLG_Bypass_Flag -->
			<include content="VideoCodecFlag">
				<param name="groupId">52</param><param name="imageId">53</param>
				<param name="visible">String.IsEqual(Player.Process(video.source.hdr.type.raw), 4) + String.Contains(Player.Process(amlogic.vs10.mode),Bypass)</param>
				<param name="texture">flags/fullscreen/HLG.png</param>
			</include>
			<!-- VS10_SDR_Flag -->
			<include content="VideoCodecFlag">
				<param name="groupId">54</param><param name="imageId">55</param>
				<param name="visible">String.Contains(Player.Process(amlogic.vs10.mode),SDR)</param>
				<param name="texture">flags/fullscreen/SDR_VS10.png</param>
			</include>
			<!-- VS10_HDR10_Flag -->
			<include content="VideoCodecFlag">
				<param name="groupId">56</param><param name="imageId">57</param>
				<param name="visible">String.Contains(Player.Process(amlogic.vs10.mode),HDR10)</param>
				<param name="texture">flags/fullscreen/HDR10_VS10.png</param>
			</include>
			<!-- VS10_HDR10Plus_Flag -->
			<include content="VideoCodecFlag">
				<param name="groupId">58</param><param name="imageId">59</param>
				<param name="visible">String.IsEqual(Player.Process(video.source.hdr.type.raw), 2) + !String.Contains(Player.Process(amlogic.vs10.mode),Dolby Vision) + !String.Contains(Player.Process(amlogic.vs10.mode),SDR) + !String.Contains(Player.Process(amlogic.vs10.mode),HLG)</param>
				<param name="texture">flags/fullscreen/HDR10Plus_VS10.png</param>
			</include>
			<!-- VS10_DV_Flag -->
			<include content="VideoCodecFlag">
				<param name="groupId">60</param><param name="imageId">61</param>
				<param name="visible">String.Contains(Player.Process(amlogic.vs10.mode),Dolby Vision)</param>
				<param name="texture">flags/fullscreen/DV_VS10.png</param>
			</include>
			<!-- VS10_HLG_Flag -->
			<include content="VideoCodecFlag">
				<param name="groupId">62</param><param name="imageId">63</param>
				<param name="visible">String.Contains(Player.Process(amlogic.vs10.mode),HLG)</param>
				<param name="texture">flags/fullscreen/HLG_VS10.png</param>
			</include>
		</control>

	</controls>
</window>
