<?xml version="1.0" encoding="UTF-8"?>
<includes>
	<include name="View_53_Shift">
		<control type="group">
			<description>Poster Viewtype</description>
			<centertop>50%</centertop>
			<left>0</left>
			<height>880</height>
			<control type="group">
				<visible>Control.IsVisible(53)</visible>
				<animation effect="fade" start="0" end="100" time="300">WindowOpen</animation>
				<animation effect="fade" start="100" end="0" time="300">WindowClose</animation>
				<animation effect="fade" time="200">VisibleChange</animation>
			</control>
			<control type="group">
				<visible>Control.IsVisible(53)</visible>
				<include>Visible_Right</include>
				<include>OpenClose_Right</include>
				<top>160</top>
				<control type="fixedlist" id="53">
					<left>-150</left>
					<top>0</top>
					<width>111%</width>
					<height>695</height>
					<focusposition>1</focusposition>
					<movement>0</movement>
					<pagecontrol>5199</pagecontrol>
					<scrolltime tween="cubic" easing="out">500</scrolltime>
					<orientation>horizontal</orientation>
					<visible>Container.Content(movies) | Container.Content(sets) | Container.Content(tvshows) | Container.Content(seasons) | Container.Content(musicvideos) | Container.Content(artists) | Container.Content(albums) | Container.Content(mixed) | Container.Content(images) | Container.Content(videos) | Container.Content(games) | Container.Content(favourites)</visible>
					<onleft>53</onleft>
					<onup>9000</onup>
					<ondown>5199</ondown>
					<onright>53</onright>
					<preloaditems>1</preloaditems>
					<viewtype label="31100">icon</viewtype>
					<itemlayout width="370">
						<control type="image">
							<left>0</left>
							<top>90</top>
							<width>370</width>
							<height>480</height>
							<texture>dialogs/dialog-bg-nobo.png</texture>
							<!-- <bordertexture border="21" infill="false">overlays/shadow.png</bordertexture> -->
							<bordersize>20</bordersize>
							<visible>String.IsEmpty(ListItem.Art(poster)) + [Container.Content(movies) | Container.Content(tvshows)]</visible>
						</control>
						<control type="image">
							<depth>DepthContentPopout</depth>
							<left>0</left>
							<top>90</top>
							<width>370</width>
							<height>480</height>
							<aspectratio aligny="center">keep</aspectratio>
							<texture diffuse="masks/poster.png" fallback="DefaultVideo.png" background="true">$VAR[ShiftThumbVar]</texture>
							<!-- <bordertexture border="21" infill="false">overlays/shadow.png</bordertexture> -->
							<bordersize>20</bordersize>
						</control>
						<control type="textbox">
							<left>20</left>
							<top>603</top>
							<width>330</width>
							<height>105</height>
							<font>font32</font>
							<align>center</align>
							<aligny>center</aligny>
							<label>$INFO[ListItem.Label]</label>
							<textcolor>unfocused_text</textcolor>
						</control>
						<control type="group">
							<visible>String.IsEqual(ListItem.DBtype,tvshow)</visible>
							<control type="image">
								<left>31</left>
								<top>450</top>
								<width>308</width>
								<height>100</height>
								<texture colordiffuse="CCFFFFFF">overlays/overlayfade2.png</texture>
								<visible>!String.IsEmpty(ListItem.Art(poster))</visible>
							</control>
							<control type="label">
								<left>-15</left>
								<top>517</top>
								<width>301</width>
								<height>24</height>
								<label>$INFO[ListItem.Property(WatchedEpisodes)]$INFO[ListItem.Property(TotalEpisodes), / ,]</label>
								<font>font20_title</font>
								<shadowcolor>text_shadow</shadowcolor>
								<align>right</align>
								<aligny>center</aligny>
							</control>
							<control type="image">
								<left>293</left>
								<top>517</top>
								<width>24</width>
								<height>24</height>
								<texture>lists/played-total.png</texture>
								<align>right</align>
								<aligny>center</aligny>
							</control>
						</control>
						<control type="image">
							<visible>String.IsEqual(ListItem.DBType,movie) + [Listitem.IsCollection | ListItem.IsPlaying | Integer.IsGreater(ListItem.Playcount,0)]</visible>
							<left>29</left>
							<top>432</top>
							<width>119</width>
							<height>119</height>
							<aspectratio>scale</aspectratio>
							<texture>overlays/overlaybg8.png</texture>
						</control>
						<control type="image">
							<left>45</left>
							<top>510</top>
							<width>32</width>
							<height>32</height>
							<align>left</align>
							<aligny>center</aligny>
							<texture>$VAR[WallWatchedIconVar]</texture>
						</control>
						<control type="group">
							<left>292</left>
							<top>92</top>
							<include content="RatingCircle" condition="Skin.HasSetting(circle_rating) | Skin.HasSetting(circle_userrating)">
								<param name="left">-71</param>
								<param name="top">17</param>
								<param name="width">119</param>
								<param name="height">119</param>
								<param name="label-left">-15</param>
								<param name="label-top">32</param>
								<param name="cornerdiffuse">overlays/overlaybg7.png</param>
							</include>
						</control>
						<include content="ProgressBar">
							<!-- 31 -->
							<param name="left" value="63"/>
							<param name="top" value="525"/>
							<param name="width" value="243"/>
						</include>
					</itemlayout>
					<focusedlayout width="370">
						<control type="image">
							<left>0</left>
							<top>90</top>
							<width>370</width>
							<height>480</height>
							<texture>dialogs/dialog-bg-nobo.png</texture>
							<!-- <bordertexture border="21" infill="false">overlays/shadow.png</bordertexture> -->
							<bordersize>20</bordersize>
							<visible>String.IsEmpty(ListItem.Art(poster)) + [Container.Content(movies) | Container.Content(tvshows)]</visible>
						</control>
						<control type="image">
							<depth>DepthContentPopout</depth>
							<left>0</left>
							<top>90</top>
							<width>370</width>
							<height>480</height>
							<aspectratio aligny="center">keep</aspectratio>
							<texture diffuse="masks/poster.png" fallback="DefaultVideo.png" background="true">$VAR[ShiftThumbVar]</texture>
							<!-- <bordertexture border="21" infill="false">overlays/shadow.png</bordertexture> -->
							<bordersize>20</bordersize>
						</control>
						<control type="label">
							<left>20</left>
							<top>603</top>
							<width>330</width>
							<height>100</height>
							<font>font32_title</font>
							<textcolor>selected</textcolor>
							<align>center</align>
							<aligny>center</aligny>
							<label>$INFO[ListItem.Label]</label>
							<scroll>True</scroll>
							<scrollspeed>200</scrollspeed>
						</control>
						<control type="group">
							<visible>String.IsEqual(ListItem.DBtype,tvshow)</visible>
							<control type="image">
								<left>31</left>
								<top>450</top>
								<width>308</width>
								<height>100</height>
								<texture colordiffuse="CCFFFFFF">overlays/overlayfade2.png</texture>
								<visible>!String.IsEmpty(ListItem.Art(poster))</visible>
							</control>
							<control type="label">
								<left>-15</left>
								<top>517</top>
								<width>301</width>
								<height>24</height>
								<label>$INFO[ListItem.Property(WatchedEpisodes)]$INFO[ListItem.Property(TotalEpisodes), / ,]</label>
								<font>font20_title</font>
								<shadowcolor>text_shadow</shadowcolor>
								<align>right</align>
								<aligny>center</aligny>
							</control>
							<control type="image">
								<left>293</left>
								<top>517</top>
								<width>24</width>
								<height>24</height>
								<texture>lists/played-total.png</texture>
								<align>right</align>
								<aligny>center</aligny>
							</control>
						</control>
						<control type="image">
							<visible>String.IsEqual(ListItem.DBType,movie) + [Listitem.IsCollection | ListItem.IsPlaying | Integer.IsGreater(ListItem.Playcount,0)]</visible>
							<left>29</left>
							<top>432</top>
							<width>119</width>
							<height>119</height>
							<aspectratio>scale</aspectratio>
							<texture>overlays/overlaybg8.png</texture>
						</control>
						<control type="image">
							<left>45</left>
							<top>510</top>
							<width>32</width>
							<height>32</height>
							<align>left</align>
							<aligny>center</aligny>
							<texture>$VAR[WallWatchedIconVar]</texture>
						</control>
						<control type="group">
							<left>292</left>
							<top>92</top>
							<include content="RatingCircle" condition="Skin.HasSetting(circle_rating) | Skin.HasSetting(circle_userrating)">
								<param name="left">-71</param>
								<param name="top">17</param>
								<param name="width">119</param>
								<param name="height">119</param>
								<param name="label-left">-15</param>
								<param name="label-top">32</param>
								<param name="cornerdiffuse">overlays/overlaybg7.png</param>
							</include>
						</control>
						<include content="ProgressBar">
							<param name="left" value="63"/>
							<param name="top" value="525"/>
							<param name="width" value="243"/>
						</include>
					</focusedlayout>
				</control>
			</control>
			<control type="group">
				<visible>Control.IsVisible(53)</visible>
				<include>Visible_Right</include>
				<include>OpenClose_Right</include>
				<control type="group">
					<width>50%</width>
					<include content="ShiftTextbox">
						<param name="textbox_id" value="53200" />
						<param name="textbox_content" value="$VAR[ShiftLeftTextBoxVar]" />
					</include>
				</control>
				<control type="group">
					<left>50%</left>
					<width>50%</width>
					<include content="ShiftTextbox">
						<param name="textbox_id" value="53300" />
						<param name="textbox_content" value="$VAR[ShiftRightTextBoxVar]" />
					</include>
				</control>
				<control type="panel">
					<left>20</left>
					<top>48</top>
					<width>1880</width>
					<height>180</height>
					<orientation>horizontal</orientation>
					<visible>ListItem.IsCollection</visible>
					<animation effect="fade" time="200">VisibleChange</animation>
					<focusedlayout height="40" width="628">
						<control type="label">
							<textoffsetx>10</textoffsetx>
							<height>40</height>
							<width>628</width>
							<aligny>center</aligny>
							<label>$INFO[ListItem.Year,[COLOR button_focus],[/COLOR]  -  ]$INFO[ListItem.Title]</label>
							<shadowcolor>text_shadow</shadowcolor>
						</control>
					</focusedlayout>
					<itemlayout height="40" width="628">
						<control type="label">
							<textoffsetx>10</textoffsetx>
							<height>40</height>
							<width>628</width>
							<aligny>center</aligny>
							<label>$INFO[ListItem.Year,[COLOR button_focus],[/COLOR]  -  ]$INFO[ListItem.Title]</label>
							<shadowcolor>text_shadow</shadowcolor>
						</control>
					</itemlayout>
					<content sortby="year" sortorder="ascending">$VAR[InfoListPathVar]</content>
				</control>
			</control>
		</control>
	</include>
	<include name="ShiftTextbox">
		<control type="group">
			<animation effect="fade" time="200" start="0" end="100" condition="!String.IsEmpty(Control.GetLabel($PARAM[textbox_id]))">Conditional</animation>
			<animation effect="fade" time="200" start="100" end="0" condition="String.IsEmpty(Control.GetLabel($PARAM[textbox_id]))">Conditional</animation>
			<control type="textbox" id="$PARAM[textbox_id]">
				<left>30</left>
				<top>45</top>
				<right>30</right>
				<height>163</height>
				<label>$PARAM[textbox_content]</label>
				<textcolor>unfocused_text</textcolor>
				<shadowcolor>text_shadow</shadowcolor>
			</control>
		</control>
	</include>
</includes>
