<?xml version="1.0" encoding="UTF-8" standalone="yes"?>
<addon id="repository.lynxstrike" name="Lynxstrike's Repo" version="1.0.04" provider-name="lynxstrike">
	<extension point="xbmc.addon.repository" name="lynxstrike.repo">
		<dir>
			<info compressed="false">https://raw.githubusercontent.com/lynxstrike/lynxstrike.repo/master/repo/zips/addons.xml</info>
			<checksum>https://raw.githubusercontent.com/lynxstrike/lynxstrike.repo/master/repo/zips/addons.xml.md5</checksum>
			<datadir zip="true">https://raw.githubusercontent.com/lynxstrike/lynxstrike.repo/master/repo/zips/</datadir>
		</dir>
		<dir>
			<info compressed="false">https://raw.githubusercontent.com/lynxstrike/lynxstrike.repo/master/lynxstrike_addons/zips/addons.xml</info>
			<checksum>https://raw.githubusercontent.com/lynxstrike/lynxstrike.repo/master/lynxstrike_addons/zips/addons.xml.md5</checksum>
			<datadir zip="true">https://raw.githubusercontent.com/lynxstrike/lynxstrike.repo/master/lynxstrike_addons/zips/</datadir>
		</dir>		
	</extension>
	<extension point="xbmc.addon.metadata">
		<summary>lynxstrike's Repository for Resource Images Studios Coloured</summary>
		<description>lynxstrike's Repository was built for sustained support for Resource Images Studios Coloured.</description>
		<disclaimer>This software is provided "as is" without any warranties or guarantees of any kind.
Use it at your own risk. The developer is not affiliated with or endorsed by the Kodi Foundation or any of the studios whose logos may appear in this add-on.
All logos included are the property of their respective owners and are used solely for informational and identification purposes under fair use guidelines.
By using or contributing to this repository, you agree that the developer is not liable for any damages or issues arising from its use.</disclaimer>
		<platform>all</platform>
		<forum>https://forum.kodi.tv/showthread.php?tid=368342</forum>
		<source>https://github.com/lynxstrike/lynxstrike.repo/tree/master/repo/zips/repository.lynxstrike</source>
		<website>https://github.com/lynxstrike/lynxstrike.repo/tree/master/repo/zips/repository.lynxstrike</website>
		<assets>
			<icon>icon.png</icon>
			<fanart>fanart.jpg</fanart>
		</assets>
		<news>
			Sustained support for Resource Images Studios Coloured.
		</news>
	</extension>
</addon>